2025-08-19 18:03:34 melahi-Latitude-7410 my_wiki: [004683fb34f8f43287870e34] /api.php   TypeError: MediaWiki\Content\JsonContentHandler::__construct(): Argument #2 ($parsoidParserFactory) must be of type ?MediaWiki\Parser\Parsoid\ParsoidParserFactory, array given, called in /home/melahi/code/A-mediawiki-project/mediawiki-antiziganism/extensions/SemanticMediaWiki/src/MediaWiki/Content/SchemaContentHandler.php on line 29
#0 /home/melahi/code/A-mediawiki-project/mediawiki-antiziganism/extensions/SemanticMediaWiki/src/MediaWiki/Content/SchemaContentHandler.php(29): MediaWiki\Content\JsonContentHandler->__construct()
#1 /home/melahi/code/A-mediawiki-project/mediawiki-antiziganism/vendor/wikimedia/object-factory/src/ObjectFactory.php(240): SMW\MediaWiki\Content\SchemaContentHandler->__construct()
#2 /home/melahi/code/A-mediawiki-project/mediawiki-antiziganism/vendor/wikimedia/object-factory/src/ObjectFactory.php(149): Wikimedia\ObjectFactory\ObjectFactory::getObjectFromSpec()
#3 /home/melahi/code/A-mediawiki-project/mediawiki-antiziganism/includes/content/ContentHandlerFactory.php(217): Wikimedia\ObjectFactory\ObjectFactory->createObject()
#4 /home/melahi/code/A-mediawiki-project/mediawiki-antiziganism/includes/content/ContentHandlerFactory.php(167): MediaWiki\Content\ContentHandlerFactory->createContentHandlerFromHandlerSpec()
#5 /home/melahi/code/A-mediawiki-project/mediawiki-antiziganism/includes/content/ContentHandlerFactory.php(87): MediaWiki\Content\ContentHandlerFactory->createForModelID()
#6 /home/melahi/code/A-mediawiki-project/mediawiki-antiziganism/includes/content/ContentHandlerFactory.php(143): MediaWiki\Content\ContentHandlerFactory->getContentHandler()
#7 /home/melahi/code/A-mediawiki-project/mediawiki-antiziganism/includes/api/ApiStashEdit.php(252): MediaWiki\Content\ContentHandlerFactory->getAllContentFormats()
#8 /home/melahi/code/A-mediawiki-project/mediawiki-antiziganism/includes/api/ApiBase.php(1911): MediaWiki\Api\ApiStashEdit->getAllowedParams()
#9 /home/melahi/code/A-mediawiki-project/mediawiki-antiziganism/includes/api/ApiBase.php(851): MediaWiki\Api\ApiBase->getFinalParams()
#10 /home/melahi/code/A-mediawiki-project/mediawiki-antiziganism/includes/api/ApiMain.php(1607): MediaWiki\Api\ApiBase->extractRequestParams()
#11 /home/melahi/code/A-mediawiki-project/mediawiki-antiziganism/includes/api/ApiMain.php(2007): MediaWiki\Api\ApiMain->setupModule()
#12 /home/melahi/code/A-mediawiki-project/mediawiki-antiziganism/includes/api/ApiMain.php(955): MediaWiki\Api\ApiMain->executeAction()
#13 /home/melahi/code/A-mediawiki-project/mediawiki-antiziganism/includes/api/ApiMain.php(926): MediaWiki\Api\ApiMain->executeActionWithErrorHandling()
#14 /home/melahi/code/A-mediawiki-project/mediawiki-antiziganism/includes/api/ApiEntryPoint.php(152): MediaWiki\Api\ApiMain->execute()
#15 /home/melahi/code/A-mediawiki-project/mediawiki-antiziganism/includes/MediaWikiEntryPoint.php(198): MediaWiki\Api\ApiEntryPoint->execute()
#16 /home/melahi/code/A-mediawiki-project/mediawiki-antiziganism/api.php(44): MediaWiki\MediaWikiEntryPoint->run()
#17 {main}
2025-08-19 18:05:08 melahi-Latitude-7410 my_wiki: [1b756404bc1e8051d8093f92] /api.php   TypeError: MediaWiki\Content\JsonContentHandler::__construct(): Argument #2 ($parsoidParserFactory) must be of type ?MediaWiki\Parser\Parsoid\ParsoidParserFactory, array given, called in /home/melahi/code/A-mediawiki-project/mediawiki-antiziganism/extensions/SemanticMediaWiki/src/MediaWiki/Content/SchemaContentHandler.php on line 29
#0 /home/melahi/code/A-mediawiki-project/mediawiki-antiziganism/extensions/SemanticMediaWiki/src/MediaWiki/Content/SchemaContentHandler.php(29): MediaWiki\Content\JsonContentHandler->__construct()
#1 /home/melahi/code/A-mediawiki-project/mediawiki-antiziganism/vendor/wikimedia/object-factory/src/ObjectFactory.php(240): SMW\MediaWiki\Content\SchemaContentHandler->__construct()
#2 /home/melahi/code/A-mediawiki-project/mediawiki-antiziganism/vendor/wikimedia/object-factory/src/ObjectFactory.php(149): Wikimedia\ObjectFactory\ObjectFactory::getObjectFromSpec()
#3 /home/melahi/code/A-mediawiki-project/mediawiki-antiziganism/includes/content/ContentHandlerFactory.php(217): Wikimedia\ObjectFactory\ObjectFactory->createObject()
#4 /home/melahi/code/A-mediawiki-project/mediawiki-antiziganism/includes/content/ContentHandlerFactory.php(167): MediaWiki\Content\ContentHandlerFactory->createContentHandlerFromHandlerSpec()
#5 /home/melahi/code/A-mediawiki-project/mediawiki-antiziganism/includes/content/ContentHandlerFactory.php(87): MediaWiki\Content\ContentHandlerFactory->createForModelID()
#6 /home/melahi/code/A-mediawiki-project/mediawiki-antiziganism/includes/content/ContentHandlerFactory.php(143): MediaWiki\Content\ContentHandlerFactory->getContentHandler()
#7 /home/melahi/code/A-mediawiki-project/mediawiki-antiziganism/includes/api/ApiStashEdit.php(252): MediaWiki\Content\ContentHandlerFactory->getAllContentFormats()
#8 /home/melahi/code/A-mediawiki-project/mediawiki-antiziganism/includes/api/ApiBase.php(1911): MediaWiki\Api\ApiStashEdit->getAllowedParams()
#9 /home/melahi/code/A-mediawiki-project/mediawiki-antiziganism/includes/api/ApiBase.php(851): MediaWiki\Api\ApiBase->getFinalParams()
#10 /home/melahi/code/A-mediawiki-project/mediawiki-antiziganism/includes/api/ApiMain.php(1607): MediaWiki\Api\ApiBase->extractRequestParams()
#11 /home/melahi/code/A-mediawiki-project/mediawiki-antiziganism/includes/api/ApiMain.php(2007): MediaWiki\Api\ApiMain->setupModule()
#12 /home/melahi/code/A-mediawiki-project/mediawiki-antiziganism/includes/api/ApiMain.php(955): MediaWiki\Api\ApiMain->executeAction()
#13 /home/melahi/code/A-mediawiki-project/mediawiki-antiziganism/includes/api/ApiMain.php(926): MediaWiki\Api\ApiMain->executeActionWithErrorHandling()
#14 /home/melahi/code/A-mediawiki-project/mediawiki-antiziganism/includes/api/ApiEntryPoint.php(152): MediaWiki\Api\ApiMain->execute()
#15 /home/melahi/code/A-mediawiki-project/mediawiki-antiziganism/includes/MediaWikiEntryPoint.php(198): MediaWiki\Api\ApiEntryPoint->execute()
#16 /home/melahi/code/A-mediawiki-project/mediawiki-antiziganism/api.php(44): MediaWiki\MediaWikiEntryPoint->run()
#17 {main}
2025-08-19 18:30:42 melahi-Latitude-7410 my_wiki: [90e0deeee1e2d1ddc3eac69e] /index.php/Special:Properties   PHP Deprecated: Use of MediaWiki\Xml\Xml::inputLabel was deprecated in MediaWiki 1.42. [Called from SMW\QueryPage::getSearchForm]
#0 [internal function]: MediaWiki\Exception\MWExceptionHandler::handleError()
#1 /home/melahi/code/A-mediawiki-project/mediawiki-antiziganism/includes/debug/MWDebug.php(386): trigger_error()
#2 /home/melahi/code/A-mediawiki-project/mediawiki-antiziganism/includes/debug/MWDebug.php(357): MediaWiki\Debug\MWDebug::sendRawDeprecated()
#3 /home/melahi/code/A-mediawiki-project/mediawiki-antiziganism/includes/debug/MWDebug.php(238): MediaWiki\Debug\MWDebug::deprecatedMsg()
#4 /home/melahi/code/A-mediawiki-project/mediawiki-antiziganism/includes/GlobalFunctions.php(787): MediaWiki\Debug\MWDebug::deprecated()
#5 /home/melahi/code/A-mediawiki-project/mediawiki-antiziganism/includes/xml/Xml.php(438): wfDeprecated()
#6 /home/melahi/code/A-mediawiki-project/mediawiki-antiziganism/extensions/SemanticMediaWiki/includes/querypages/QueryPage.php(153): MediaWiki\Xml\Xml::inputLabel()
#7 /home/melahi/code/A-mediawiki-project/mediawiki-antiziganism/extensions/SemanticMediaWiki/includes/querypages/PropertiesQueryPage.php(73): SMW\QueryPage->getSearchForm()
#8 /home/melahi/code/A-mediawiki-project/mediawiki-antiziganism/extensions/SemanticMediaWiki/includes/querypages/QueryPage.php(216): SMW\PropertiesQueryPage->getPageHeader()
#9 /home/melahi/code/A-mediawiki-project/mediawiki-antiziganism/extensions/SemanticMediaWiki/includes/specials/SpecialProperties.php(48): SMW\QueryPage->doQuery()
#10 /home/melahi/code/A-mediawiki-project/mediawiki-antiziganism/includes/specialpage/SpecialPage.php(725): SMW\SpecialProperties->execute()
#11 /home/melahi/code/A-mediawiki-project/mediawiki-antiziganism/includes/specialpage/SpecialPageFactory.php(1732): MediaWiki\SpecialPage\SpecialPage->run()
#12 /home/melahi/code/A-mediawiki-project/mediawiki-antiziganism/includes/actions/ActionEntryPoint.php(499): MediaWiki\SpecialPage\SpecialPageFactory->executePath()
#13 /home/melahi/code/A-mediawiki-project/mediawiki-antiziganism/includes/actions/ActionEntryPoint.php(143): MediaWiki\Actions\ActionEntryPoint->performRequest()
#14 /home/melahi/code/A-mediawiki-project/mediawiki-antiziganism/includes/MediaWikiEntryPoint.php(198): MediaWiki\Actions\ActionEntryPoint->execute()
#15 /home/melahi/code/A-mediawiki-project/mediawiki-antiziganism/index.php(58): MediaWiki\MediaWikiEntryPoint->run()
#16 {main}
2025-08-19 18:30:42 melahi-Latitude-7410 my_wiki: [90e0deeee1e2d1ddc3eac69e] /index.php/Special:Properties   PHP Deprecated: Use of MediaWiki\Xml\Xml::inputLabelSep was deprecated in MediaWiki 1.42. [Called from MediaWiki\Xml\Xml::inputLabel]
#0 [internal function]: MediaWiki\Exception\MWExceptionHandler::handleError()
#1 /home/melahi/code/A-mediawiki-project/mediawiki-antiziganism/includes/debug/MWDebug.php(386): trigger_error()
#2 /home/melahi/code/A-mediawiki-project/mediawiki-antiziganism/includes/debug/MWDebug.php(357): MediaWiki\Debug\MWDebug::sendRawDeprecated()
#3 /home/melahi/code/A-mediawiki-project/mediawiki-antiziganism/includes/debug/MWDebug.php(238): MediaWiki\Debug\MWDebug::deprecatedMsg()
#4 /home/melahi/code/A-mediawiki-project/mediawiki-antiziganism/includes/GlobalFunctions.php(787): MediaWiki\Debug\MWDebug::deprecated()
#5 /home/melahi/code/A-mediawiki-project/mediawiki-antiziganism/includes/xml/Xml.php(460): wfDeprecated()
#6 /home/melahi/code/A-mediawiki-project/mediawiki-antiziganism/includes/xml/Xml.php(440): MediaWiki\Xml\Xml::inputLabelSep()
#7 /home/melahi/code/A-mediawiki-project/mediawiki-antiziganism/extensions/SemanticMediaWiki/includes/querypages/QueryPage.php(153): MediaWiki\Xml\Xml::inputLabel()
#8 /home/melahi/code/A-mediawiki-project/mediawiki-antiziganism/extensions/SemanticMediaWiki/includes/querypages/PropertiesQueryPage.php(73): SMW\QueryPage->getSearchForm()
#9 /home/melahi/code/A-mediawiki-project/mediawiki-antiziganism/extensions/SemanticMediaWiki/includes/querypages/QueryPage.php(216): SMW\PropertiesQueryPage->getPageHeader()
#10 /home/melahi/code/A-mediawiki-project/mediawiki-antiziganism/extensions/SemanticMediaWiki/includes/specials/SpecialProperties.php(48): SMW\QueryPage->doQuery()
#11 /home/melahi/code/A-mediawiki-project/mediawiki-antiziganism/includes/specialpage/SpecialPage.php(725): SMW\SpecialProperties->execute()
#12 /home/melahi/code/A-mediawiki-project/mediawiki-antiziganism/includes/specialpage/SpecialPageFactory.php(1732): MediaWiki\SpecialPage\SpecialPage->run()
#13 /home/melahi/code/A-mediawiki-project/mediawiki-antiziganism/includes/actions/ActionEntryPoint.php(499): MediaWiki\SpecialPage\SpecialPageFactory->executePath()
#14 /home/melahi/code/A-mediawiki-project/mediawiki-antiziganism/includes/actions/ActionEntryPoint.php(143): MediaWiki\Actions\ActionEntryPoint->performRequest()
#15 /home/melahi/code/A-mediawiki-project/mediawiki-antiziganism/includes/MediaWikiEntryPoint.php(198): MediaWiki\Actions\ActionEntryPoint->execute()
#16 /home/melahi/code/A-mediawiki-project/mediawiki-antiziganism/index.php(58): MediaWiki\MediaWikiEntryPoint->run()
#17 {main}
2025-08-19 18:30:42 melahi-Latitude-7410 my_wiki: [90e0deeee1e2d1ddc3eac69e] /index.php/Special:Properties   PHP Deprecated: Use of MediaWiki\Xml\Xml::input was deprecated in MediaWiki 1.42. [Called from MediaWiki\Xml\Xml::inputLabelSep]
#0 [internal function]: MediaWiki\Exception\MWExceptionHandler::handleError()
#1 /home/melahi/code/A-mediawiki-project/mediawiki-antiziganism/includes/debug/MWDebug.php(386): trigger_error()
#2 /home/melahi/code/A-mediawiki-project/mediawiki-antiziganism/includes/debug/MWDebug.php(357): MediaWiki\Debug\MWDebug::sendRawDeprecated()
#3 /home/melahi/code/A-mediawiki-project/mediawiki-antiziganism/includes/debug/MWDebug.php(238): MediaWiki\Debug\MWDebug::deprecatedMsg()
#4 /home/melahi/code/A-mediawiki-project/mediawiki-antiziganism/includes/GlobalFunctions.php(787): MediaWiki\Debug\MWDebug::deprecated()
#5 /home/melahi/code/A-mediawiki-project/mediawiki-antiziganism/includes/xml/Xml.php(311): wfDeprecated()
#6 /home/melahi/code/A-mediawiki-project/mediawiki-antiziganism/includes/xml/Xml.php(464): MediaWiki\Xml\Xml::input()
#7 /home/melahi/code/A-mediawiki-project/mediawiki-antiziganism/includes/xml/Xml.php(440): MediaWiki\Xml\Xml::inputLabelSep()
#8 /home/melahi/code/A-mediawiki-project/mediawiki-antiziganism/extensions/SemanticMediaWiki/includes/querypages/QueryPage.php(153): MediaWiki\Xml\Xml::inputLabel()
#9 /home/melahi/code/A-mediawiki-project/mediawiki-antiziganism/extensions/SemanticMediaWiki/includes/querypages/PropertiesQueryPage.php(73): SMW\QueryPage->getSearchForm()
#10 /home/melahi/code/A-mediawiki-project/mediawiki-antiziganism/extensions/SemanticMediaWiki/includes/querypages/QueryPage.php(216): SMW\PropertiesQueryPage->getPageHeader()
#11 /home/melahi/code/A-mediawiki-project/mediawiki-antiziganism/extensions/SemanticMediaWiki/includes/specials/SpecialProperties.php(48): SMW\QueryPage->doQuery()
#12 /home/melahi/code/A-mediawiki-project/mediawiki-antiziganism/includes/specialpage/SpecialPage.php(725): SMW\SpecialProperties->execute()
#13 /home/melahi/code/A-mediawiki-project/mediawiki-antiziganism/includes/specialpage/SpecialPageFactory.php(1732): MediaWiki\SpecialPage\SpecialPage->run()
#14 /home/melahi/code/A-mediawiki-project/mediawiki-antiziganism/includes/actions/ActionEntryPoint.php(499): MediaWiki\SpecialPage\SpecialPageFactory->executePath()
#15 /home/melahi/code/A-mediawiki-project/mediawiki-antiziganism/includes/actions/ActionEntryPoint.php(143): MediaWiki\Actions\ActionEntryPoint->performRequest()
#16 /home/melahi/code/A-mediawiki-project/mediawiki-antiziganism/includes/MediaWikiEntryPoint.php(198): MediaWiki\Actions\ActionEntryPoint->execute()
#17 /home/melahi/code/A-mediawiki-project/mediawiki-antiziganism/index.php(58): MediaWiki\MediaWikiEntryPoint->run()
#18 {main}
2025-08-19 18:30:42 melahi-Latitude-7410 my_wiki: [90e0deeee1e2d1ddc3eac69e] /index.php/Special:Properties   PHP Deprecated: Use of MediaWiki\Xml\Xml::submitButton was deprecated in MediaWiki 1.42. [Called from SMW\QueryPage::getSearchForm]
#0 [internal function]: MediaWiki\Exception\MWExceptionHandler::handleError()
#1 /home/melahi/code/A-mediawiki-project/mediawiki-antiziganism/includes/debug/MWDebug.php(386): trigger_error()
#2 /home/melahi/code/A-mediawiki-project/mediawiki-antiziganism/includes/debug/MWDebug.php(357): MediaWiki\Debug\MWDebug::sendRawDeprecated()
#3 /home/melahi/code/A-mediawiki-project/mediawiki-antiziganism/includes/debug/MWDebug.php(238): MediaWiki\Debug\MWDebug::deprecatedMsg()
#4 /home/melahi/code/A-mediawiki-project/mediawiki-antiziganism/includes/GlobalFunctions.php(787): MediaWiki\Debug\MWDebug::deprecated()
#5 /home/melahi/code/A-mediawiki-project/mediawiki-antiziganism/includes/xml/Xml.php(521): wfDeprecated()
#6 /home/melahi/code/A-mediawiki-project/mediawiki-antiziganism/extensions/SemanticMediaWiki/includes/querypages/QueryPage.php(154): MediaWiki\Xml\Xml::submitButton()
#7 /home/melahi/code/A-mediawiki-project/mediawiki-antiziganism/extensions/SemanticMediaWiki/includes/querypages/PropertiesQueryPage.php(73): SMW\QueryPage->getSearchForm()
#8 /home/melahi/code/A-mediawiki-project/mediawiki-antiziganism/extensions/SemanticMediaWiki/includes/querypages/QueryPage.php(216): SMW\PropertiesQueryPage->getPageHeader()
#9 /home/melahi/code/A-mediawiki-project/mediawiki-antiziganism/extensions/SemanticMediaWiki/includes/specials/SpecialProperties.php(48): SMW\QueryPage->doQuery()
#10 /home/melahi/code/A-mediawiki-project/mediawiki-antiziganism/includes/specialpage/SpecialPage.php(725): SMW\SpecialProperties->execute()
#11 /home/melahi/code/A-mediawiki-project/mediawiki-antiziganism/includes/specialpage/SpecialPageFactory.php(1732): MediaWiki\SpecialPage\SpecialPage->run()
#12 /home/melahi/code/A-mediawiki-project/mediawiki-antiziganism/includes/actions/ActionEntryPoint.php(499): MediaWiki\SpecialPage\SpecialPageFactory->executePath()
#13 /home/melahi/code/A-mediawiki-project/mediawiki-antiziganism/includes/actions/ActionEntryPoint.php(143): MediaWiki\Actions\ActionEntryPoint->performRequest()
#14 /home/melahi/code/A-mediawiki-project/mediawiki-antiziganism/includes/MediaWikiEntryPoint.php(198): MediaWiki\Actions\ActionEntryPoint->execute()
#15 /home/melahi/code/A-mediawiki-project/mediawiki-antiziganism/index.php(58): MediaWiki\MediaWikiEntryPoint->run()
#16 {main}
2025-08-19 18:59:05 melahi-Latitude-7410 my_wiki: [1f08a8c07adc962c62ba6e2c] /index.php/Special:Ask   PHP Deprecated: Use of MediaWiki\Xml\Xml::check was deprecated in MediaWiki 1.42. [Called from SMW\MediaWiki\Specials\Ask\ParameterInput::getBooleanInput]
#0 [internal function]: MediaWiki\Exception\MWExceptionHandler::handleError()
#1 /home/melahi/code/A-mediawiki-project/mediawiki-antiziganism/includes/debug/MWDebug.php(386): trigger_error()
#2 /home/melahi/code/A-mediawiki-project/mediawiki-antiziganism/includes/debug/MWDebug.php(357): MediaWiki\Debug\MWDebug::sendRawDeprecated()
#3 /home/melahi/code/A-mediawiki-project/mediawiki-antiziganism/includes/debug/MWDebug.php(238): MediaWiki\Debug\MWDebug::deprecatedMsg()
#4 /home/melahi/code/A-mediawiki-project/mediawiki-antiziganism/includes/GlobalFunctions.php(787): MediaWiki\Debug\MWDebug::deprecated()
#5 /home/melahi/code/A-mediawiki-project/mediawiki-antiziganism/includes/xml/Xml.php(369): wfDeprecated()
#6 /home/melahi/code/A-mediawiki-project/mediawiki-antiziganism/extensions/SemanticMediaWiki/src/MediaWiki/Specials/Ask/ParameterInput.php(228): MediaWiki\Xml\Xml::check()
#7 /home/melahi/code/A-mediawiki-project/mediawiki-antiziganism/extensions/SemanticMediaWiki/src/MediaWiki/Specials/Ask/ParameterInput.php(123): SMW\MediaWiki\Specials\Ask\ParameterInput->getBooleanInput()
#8 /home/melahi/code/A-mediawiki-project/mediawiki-antiziganism/extensions/SemanticMediaWiki/src/MediaWiki/Specials/Ask/ParametersWidget.php(345): SMW\MediaWiki\Specials\Ask\ParameterInput->getHtml()
#9 /home/melahi/code/A-mediawiki-project/mediawiki-antiziganism/extensions/SemanticMediaWiki/src/MediaWiki/Specials/Ask/ParametersWidget.php(251): SMW\MediaWiki\Specials\Ask\ParametersWidget::input()
#10 /home/melahi/code/A-mediawiki-project/mediawiki-antiziganism/extensions/SemanticMediaWiki/src/MediaWiki/Specials/Ask/ParametersWidget.php(143): SMW\MediaWiki\Specials\Ask\ParametersWidget::optionList()
#11 /home/melahi/code/A-mediawiki-project/mediawiki-antiziganism/extensions/SemanticMediaWiki/src/MediaWiki/Specials/Ask/ParametersWidget.php(106): SMW\MediaWiki\Specials\Ask\ParametersWidget::parameterList()
#12 /home/melahi/code/A-mediawiki-project/mediawiki-antiziganism/extensions/SemanticMediaWiki/src/MediaWiki/Specials/Ask/HtmlForm.php(367): SMW\MediaWiki\Specials\Ask\ParametersWidget::fieldset()
#13 /home/melahi/code/A-mediawiki-project/mediawiki-antiziganism/extensions/SemanticMediaWiki/src/MediaWiki/Specials/Ask/HtmlForm.php(198): SMW\MediaWiki\Specials\Ask\HtmlForm->editElements()
#14 /home/melahi/code/A-mediawiki-project/mediawiki-antiziganism/extensions/SemanticMediaWiki/src/MediaWiki/Specials/Ask/HtmlForm.php(142): SMW\MediaWiki\Specials\Ask\HtmlForm->buildHTML()
#15 /home/melahi/code/A-mediawiki-project/mediawiki-antiziganism/extensions/SemanticMediaWiki/src/MediaWiki/Specials/SpecialAsk.php(392): SMW\MediaWiki\Specials\Ask\HtmlForm->getForm()
#16 /home/melahi/code/A-mediawiki-project/mediawiki-antiziganism/extensions/SemanticMediaWiki/src/MediaWiki/Specials/SpecialAsk.php(167): SMW\MediaWiki\Specials\SpecialAsk->makeHTMLResult()
#17 /home/melahi/code/A-mediawiki-project/mediawiki-antiziganism/includes/specialpage/SpecialPage.php(725): SMW\MediaWiki\Specials\SpecialAsk->execute()
#18 /home/melahi/code/A-mediawiki-project/mediawiki-antiziganism/includes/specialpage/SpecialPageFactory.php(1732): MediaWiki\SpecialPage\SpecialPage->run()
#19 /home/melahi/code/A-mediawiki-project/mediawiki-antiziganism/includes/actions/ActionEntryPoint.php(499): MediaWiki\SpecialPage\SpecialPageFactory->executePath()
#20 /home/melahi/code/A-mediawiki-project/mediawiki-antiziganism/includes/actions/ActionEntryPoint.php(143): MediaWiki\Actions\ActionEntryPoint->performRequest()
#21 /home/melahi/code/A-mediawiki-project/mediawiki-antiziganism/includes/MediaWikiEntryPoint.php(198): MediaWiki\Actions\ActionEntryPoint->execute()
#22 /home/melahi/code/A-mediawiki-project/mediawiki-antiziganism/index.php(58): MediaWiki\MediaWikiEntryPoint->run()
#23 {main}
2025-08-19 19:32:29 melahi-Latitude-7410 my_wiki: [0c704424e908f63e93a52316] /index.php/Special:Ask   PHP Deprecated: Use of MediaWiki\Xml\Xml::check was deprecated in MediaWiki 1.42. [Called from SMW\MediaWiki\Specials\Ask\ParameterInput::getBooleanInput]
#0 [internal function]: MediaWiki\Exception\MWExceptionHandler::handleError()
#1 /home/melahi/code/A-mediawiki-project/mediawiki-antiziganism-semanticwiki/includes/debug/MWDebug.php(386): trigger_error()
#2 /home/melahi/code/A-mediawiki-project/mediawiki-antiziganism-semanticwiki/includes/debug/MWDebug.php(357): MediaWiki\Debug\MWDebug::sendRawDeprecated()
#3 /home/melahi/code/A-mediawiki-project/mediawiki-antiziganism-semanticwiki/includes/debug/MWDebug.php(238): MediaWiki\Debug\MWDebug::deprecatedMsg()
#4 /home/melahi/code/A-mediawiki-project/mediawiki-antiziganism-semanticwiki/includes/GlobalFunctions.php(787): MediaWiki\Debug\MWDebug::deprecated()
#5 /home/melahi/code/A-mediawiki-project/mediawiki-antiziganism-semanticwiki/includes/xml/Xml.php(369): wfDeprecated()
#6 /home/melahi/code/A-mediawiki-project/mediawiki-antiziganism-semanticwiki/extensions/SemanticMediaWiki/src/MediaWiki/Specials/Ask/ParameterInput.php(228): MediaWiki\Xml\Xml::check()
#7 /home/melahi/code/A-mediawiki-project/mediawiki-antiziganism-semanticwiki/extensions/SemanticMediaWiki/src/MediaWiki/Specials/Ask/ParameterInput.php(123): SMW\MediaWiki\Specials\Ask\ParameterInput->getBooleanInput()
#8 /home/melahi/code/A-mediawiki-project/mediawiki-antiziganism-semanticwiki/extensions/SemanticMediaWiki/src/MediaWiki/Specials/Ask/ParametersWidget.php(345): SMW\MediaWiki\Specials\Ask\ParameterInput->getHtml()
#9 /home/melahi/code/A-mediawiki-project/mediawiki-antiziganism-semanticwiki/extensions/SemanticMediaWiki/src/MediaWiki/Specials/Ask/ParametersWidget.php(251): SMW\MediaWiki\Specials\Ask\ParametersWidget::input()
#10 /home/melahi/code/A-mediawiki-project/mediawiki-antiziganism-semanticwiki/extensions/SemanticMediaWiki/src/MediaWiki/Specials/Ask/ParametersWidget.php(143): SMW\MediaWiki\Specials\Ask\ParametersWidget::optionList()
#11 /home/melahi/code/A-mediawiki-project/mediawiki-antiziganism-semanticwiki/extensions/SemanticMediaWiki/src/MediaWiki/Specials/Ask/ParametersWidget.php(106): SMW\MediaWiki\Specials\Ask\ParametersWidget::parameterList()
#12 /home/melahi/code/A-mediawiki-project/mediawiki-antiziganism-semanticwiki/extensions/SemanticMediaWiki/src/MediaWiki/Specials/Ask/HtmlForm.php(367): SMW\MediaWiki\Specials\Ask\ParametersWidget::fieldset()
#13 /home/melahi/code/A-mediawiki-project/mediawiki-antiziganism-semanticwiki/extensions/SemanticMediaWiki/src/MediaWiki/Specials/Ask/HtmlForm.php(198): SMW\MediaWiki\Specials\Ask\HtmlForm->editElements()
#14 /home/melahi/code/A-mediawiki-project/mediawiki-antiziganism-semanticwiki/extensions/SemanticMediaWiki/src/MediaWiki/Specials/Ask/HtmlForm.php(142): SMW\MediaWiki\Specials\Ask\HtmlForm->buildHTML()
#15 /home/melahi/code/A-mediawiki-project/mediawiki-antiziganism-semanticwiki/extensions/SemanticMediaWiki/src/MediaWiki/Specials/SpecialAsk.php(392): SMW\MediaWiki\Specials\Ask\HtmlForm->getForm()
#16 /home/melahi/code/A-mediawiki-project/mediawiki-antiziganism-semanticwiki/extensions/SemanticMediaWiki/src/MediaWiki/Specials/SpecialAsk.php(167): SMW\MediaWiki\Specials\SpecialAsk->makeHTMLResult()
#17 /home/melahi/code/A-mediawiki-project/mediawiki-antiziganism-semanticwiki/includes/specialpage/SpecialPage.php(725): SMW\MediaWiki\Specials\SpecialAsk->execute()
#18 /home/melahi/code/A-mediawiki-project/mediawiki-antiziganism-semanticwiki/includes/specialpage/SpecialPageFactory.php(1732): MediaWiki\SpecialPage\SpecialPage->run()
#19 /home/melahi/code/A-mediawiki-project/mediawiki-antiziganism-semanticwiki/includes/actions/ActionEntryPoint.php(499): MediaWiki\SpecialPage\SpecialPageFactory->executePath()
#20 /home/melahi/code/A-mediawiki-project/mediawiki-antiziganism-semanticwiki/includes/actions/ActionEntryPoint.php(143): MediaWiki\Actions\ActionEntryPoint->performRequest()
#21 /home/melahi/code/A-mediawiki-project/mediawiki-antiziganism-semanticwiki/includes/MediaWikiEntryPoint.php(198): MediaWiki\Actions\ActionEntryPoint->execute()
#22 /home/melahi/code/A-mediawiki-project/mediawiki-antiziganism-semanticwiki/index.php(58): MediaWiki\MediaWikiEntryPoint->run()
#23 {main}
2025-08-20 10:25:34 melahi-Latitude-7410 my_wiki: [2cf075384480e5535c8c743e] /api.php   TypeError: MediaWiki\Content\JsonContentHandler::__construct(): Argument #2 ($parsoidParserFactory) must be of type ?MediaWiki\Parser\Parsoid\ParsoidParserFactory, array given, called in /home/melahi/code/A-mediawiki-project/mediawiki-antiziganism/extensions/SemanticMediaWiki/src/MediaWiki/Content/SchemaContentHandler.php on line 29
#0 /home/melahi/code/A-mediawiki-project/mediawiki-antiziganism/extensions/SemanticMediaWiki/src/MediaWiki/Content/SchemaContentHandler.php(29): MediaWiki\Content\JsonContentHandler->__construct()
#1 /home/melahi/code/A-mediawiki-project/mediawiki-antiziganism/vendor/wikimedia/object-factory/src/ObjectFactory.php(240): SMW\MediaWiki\Content\SchemaContentHandler->__construct()
#2 /home/melahi/code/A-mediawiki-project/mediawiki-antiziganism/vendor/wikimedia/object-factory/src/ObjectFactory.php(149): Wikimedia\ObjectFactory\ObjectFactory::getObjectFromSpec()
#3 /home/melahi/code/A-mediawiki-project/mediawiki-antiziganism/includes/content/ContentHandlerFactory.php(217): Wikimedia\ObjectFactory\ObjectFactory->createObject()
#4 /home/melahi/code/A-mediawiki-project/mediawiki-antiziganism/includes/content/ContentHandlerFactory.php(167): MediaWiki\Content\ContentHandlerFactory->createContentHandlerFromHandlerSpec()
#5 /home/melahi/code/A-mediawiki-project/mediawiki-antiziganism/includes/content/ContentHandlerFactory.php(87): MediaWiki\Content\ContentHandlerFactory->createForModelID()
#6 /home/melahi/code/A-mediawiki-project/mediawiki-antiziganism/includes/content/ContentHandlerFactory.php(143): MediaWiki\Content\ContentHandlerFactory->getContentHandler()
#7 /home/melahi/code/A-mediawiki-project/mediawiki-antiziganism/includes/api/ApiStashEdit.php(252): MediaWiki\Content\ContentHandlerFactory->getAllContentFormats()
#8 /home/melahi/code/A-mediawiki-project/mediawiki-antiziganism/includes/api/ApiBase.php(1911): MediaWiki\Api\ApiStashEdit->getAllowedParams()
#9 /home/melahi/code/A-mediawiki-project/mediawiki-antiziganism/includes/api/ApiBase.php(851): MediaWiki\Api\ApiBase->getFinalParams()
#10 /home/melahi/code/A-mediawiki-project/mediawiki-antiziganism/includes/api/ApiMain.php(1607): MediaWiki\Api\ApiBase->extractRequestParams()
#11 /home/melahi/code/A-mediawiki-project/mediawiki-antiziganism/includes/api/ApiMain.php(2007): MediaWiki\Api\ApiMain->setupModule()
#12 /home/melahi/code/A-mediawiki-project/mediawiki-antiziganism/includes/api/ApiMain.php(955): MediaWiki\Api\ApiMain->executeAction()
#13 /home/melahi/code/A-mediawiki-project/mediawiki-antiziganism/includes/api/ApiMain.php(926): MediaWiki\Api\ApiMain->executeActionWithErrorHandling()
#14 /home/melahi/code/A-mediawiki-project/mediawiki-antiziganism/includes/api/ApiEntryPoint.php(152): MediaWiki\Api\ApiMain->execute()
#15 /home/melahi/code/A-mediawiki-project/mediawiki-antiziganism/includes/MediaWikiEntryPoint.php(198): MediaWiki\Api\ApiEntryPoint->execute()
#16 /home/melahi/code/A-mediawiki-project/mediawiki-antiziganism/api.php(44): MediaWiki\MediaWikiEntryPoint->run()
#17 {main}
2025-08-20 10:27:55 melahi-Latitude-7410 my_wiki: [c0b73272275d92973c7c93fd] /api.php   TypeError: MediaWiki\Content\JsonContentHandler::__construct(): Argument #2 ($parsoidParserFactory) must be of type ?MediaWiki\Parser\Parsoid\ParsoidParserFactory, array given, called in /home/melahi/code/A-mediawiki-project/mediawiki-antiziganism/extensions/SemanticMediaWiki/src/MediaWiki/Content/SchemaContentHandler.php on line 29
#0 /home/melahi/code/A-mediawiki-project/mediawiki-antiziganism/extensions/SemanticMediaWiki/src/MediaWiki/Content/SchemaContentHandler.php(29): MediaWiki\Content\JsonContentHandler->__construct()
#1 /home/melahi/code/A-mediawiki-project/mediawiki-antiziganism/vendor/wikimedia/object-factory/src/ObjectFactory.php(240): SMW\MediaWiki\Content\SchemaContentHandler->__construct()
#2 /home/melahi/code/A-mediawiki-project/mediawiki-antiziganism/vendor/wikimedia/object-factory/src/ObjectFactory.php(149): Wikimedia\ObjectFactory\ObjectFactory::getObjectFromSpec()
#3 /home/melahi/code/A-mediawiki-project/mediawiki-antiziganism/includes/content/ContentHandlerFactory.php(217): Wikimedia\ObjectFactory\ObjectFactory->createObject()
#4 /home/melahi/code/A-mediawiki-project/mediawiki-antiziganism/includes/content/ContentHandlerFactory.php(167): MediaWiki\Content\ContentHandlerFactory->createContentHandlerFromHandlerSpec()
#5 /home/melahi/code/A-mediawiki-project/mediawiki-antiziganism/includes/content/ContentHandlerFactory.php(87): MediaWiki\Content\ContentHandlerFactory->createForModelID()
#6 /home/melahi/code/A-mediawiki-project/mediawiki-antiziganism/includes/content/ContentHandlerFactory.php(143): MediaWiki\Content\ContentHandlerFactory->getContentHandler()
#7 /home/melahi/code/A-mediawiki-project/mediawiki-antiziganism/includes/api/ApiStashEdit.php(252): MediaWiki\Content\ContentHandlerFactory->getAllContentFormats()
#8 /home/melahi/code/A-mediawiki-project/mediawiki-antiziganism/includes/api/ApiBase.php(1911): MediaWiki\Api\ApiStashEdit->getAllowedParams()
#9 /home/melahi/code/A-mediawiki-project/mediawiki-antiziganism/includes/api/ApiBase.php(851): MediaWiki\Api\ApiBase->getFinalParams()
#10 /home/melahi/code/A-mediawiki-project/mediawiki-antiziganism/includes/api/ApiMain.php(1607): MediaWiki\Api\ApiBase->extractRequestParams()
#11 /home/melahi/code/A-mediawiki-project/mediawiki-antiziganism/includes/api/ApiMain.php(2007): MediaWiki\Api\ApiMain->setupModule()
#12 /home/melahi/code/A-mediawiki-project/mediawiki-antiziganism/includes/api/ApiMain.php(955): MediaWiki\Api\ApiMain->executeAction()
#13 /home/melahi/code/A-mediawiki-project/mediawiki-antiziganism/includes/api/ApiMain.php(926): MediaWiki\Api\ApiMain->executeActionWithErrorHandling()
#14 /home/melahi/code/A-mediawiki-project/mediawiki-antiziganism/includes/api/ApiEntryPoint.php(152): MediaWiki\Api\ApiMain->execute()
#15 /home/melahi/code/A-mediawiki-project/mediawiki-antiziganism/includes/MediaWikiEntryPoint.php(198): MediaWiki\Api\ApiEntryPoint->execute()
#16 /home/melahi/code/A-mediawiki-project/mediawiki-antiziganism/api.php(44): MediaWiki\MediaWikiEntryPoint->run()
#17 {main}
2025-08-20 10:28:13 melahi-Latitude-7410 my_wiki: [3937878fdbd0538bd054b3d1] /api.php   TypeError: MediaWiki\Content\JsonContentHandler::__construct(): Argument #2 ($parsoidParserFactory) must be of type ?MediaWiki\Parser\Parsoid\ParsoidParserFactory, array given, called in /home/melahi/code/A-mediawiki-project/mediawiki-antiziganism/extensions/SemanticMediaWiki/src/MediaWiki/Content/SchemaContentHandler.php on line 29
#0 /home/melahi/code/A-mediawiki-project/mediawiki-antiziganism/extensions/SemanticMediaWiki/src/MediaWiki/Content/SchemaContentHandler.php(29): MediaWiki\Content\JsonContentHandler->__construct()
#1 /home/melahi/code/A-mediawiki-project/mediawiki-antiziganism/vendor/wikimedia/object-factory/src/ObjectFactory.php(240): SMW\MediaWiki\Content\SchemaContentHandler->__construct()
#2 /home/melahi/code/A-mediawiki-project/mediawiki-antiziganism/vendor/wikimedia/object-factory/src/ObjectFactory.php(149): Wikimedia\ObjectFactory\ObjectFactory::getObjectFromSpec()
#3 /home/melahi/code/A-mediawiki-project/mediawiki-antiziganism/includes/content/ContentHandlerFactory.php(217): Wikimedia\ObjectFactory\ObjectFactory->createObject()
#4 /home/melahi/code/A-mediawiki-project/mediawiki-antiziganism/includes/content/ContentHandlerFactory.php(167): MediaWiki\Content\ContentHandlerFactory->createContentHandlerFromHandlerSpec()
#5 /home/melahi/code/A-mediawiki-project/mediawiki-antiziganism/includes/content/ContentHandlerFactory.php(87): MediaWiki\Content\ContentHandlerFactory->createForModelID()
#6 /home/melahi/code/A-mediawiki-project/mediawiki-antiziganism/includes/content/ContentHandlerFactory.php(143): MediaWiki\Content\ContentHandlerFactory->getContentHandler()
#7 /home/melahi/code/A-mediawiki-project/mediawiki-antiziganism/includes/api/ApiStashEdit.php(252): MediaWiki\Content\ContentHandlerFactory->getAllContentFormats()
#8 /home/melahi/code/A-mediawiki-project/mediawiki-antiziganism/includes/api/ApiBase.php(1911): MediaWiki\Api\ApiStashEdit->getAllowedParams()
#9 /home/melahi/code/A-mediawiki-project/mediawiki-antiziganism/includes/api/ApiBase.php(851): MediaWiki\Api\ApiBase->getFinalParams()
#10 /home/melahi/code/A-mediawiki-project/mediawiki-antiziganism/includes/api/ApiMain.php(1607): MediaWiki\Api\ApiBase->extractRequestParams()
#11 /home/melahi/code/A-mediawiki-project/mediawiki-antiziganism/includes/api/ApiMain.php(2007): MediaWiki\Api\ApiMain->setupModule()
#12 /home/melahi/code/A-mediawiki-project/mediawiki-antiziganism/includes/api/ApiMain.php(955): MediaWiki\Api\ApiMain->executeAction()
#13 /home/melahi/code/A-mediawiki-project/mediawiki-antiziganism/includes/api/ApiMain.php(926): MediaWiki\Api\ApiMain->executeActionWithErrorHandling()
#14 /home/melahi/code/A-mediawiki-project/mediawiki-antiziganism/includes/api/ApiEntryPoint.php(152): MediaWiki\Api\ApiMain->execute()
#15 /home/melahi/code/A-mediawiki-project/mediawiki-antiziganism/includes/MediaWikiEntryPoint.php(198): MediaWiki\Api\ApiEntryPoint->execute()
#16 /home/melahi/code/A-mediawiki-project/mediawiki-antiziganism/api.php(44): MediaWiki\MediaWikiEntryPoint->run()
#17 {main}
2025-08-20 10:28:32 melahi-Latitude-7410 my_wiki: [8b8e2c44d8d23c2d6f9fa19b] /api.php   TypeError: MediaWiki\Content\JsonContentHandler::__construct(): Argument #2 ($parsoidParserFactory) must be of type ?MediaWiki\Parser\Parsoid\ParsoidParserFactory, array given, called in /home/melahi/code/A-mediawiki-project/mediawiki-antiziganism/extensions/SemanticMediaWiki/src/MediaWiki/Content/SchemaContentHandler.php on line 29
#0 /home/melahi/code/A-mediawiki-project/mediawiki-antiziganism/extensions/SemanticMediaWiki/src/MediaWiki/Content/SchemaContentHandler.php(29): MediaWiki\Content\JsonContentHandler->__construct()
#1 /home/melahi/code/A-mediawiki-project/mediawiki-antiziganism/vendor/wikimedia/object-factory/src/ObjectFactory.php(240): SMW\MediaWiki\Content\SchemaContentHandler->__construct()
#2 /home/melahi/code/A-mediawiki-project/mediawiki-antiziganism/vendor/wikimedia/object-factory/src/ObjectFactory.php(149): Wikimedia\ObjectFactory\ObjectFactory::getObjectFromSpec()
#3 /home/melahi/code/A-mediawiki-project/mediawiki-antiziganism/includes/content/ContentHandlerFactory.php(217): Wikimedia\ObjectFactory\ObjectFactory->createObject()
#4 /home/melahi/code/A-mediawiki-project/mediawiki-antiziganism/includes/content/ContentHandlerFactory.php(167): MediaWiki\Content\ContentHandlerFactory->createContentHandlerFromHandlerSpec()
#5 /home/melahi/code/A-mediawiki-project/mediawiki-antiziganism/includes/content/ContentHandlerFactory.php(87): MediaWiki\Content\ContentHandlerFactory->createForModelID()
#6 /home/melahi/code/A-mediawiki-project/mediawiki-antiziganism/includes/content/ContentHandlerFactory.php(143): MediaWiki\Content\ContentHandlerFactory->getContentHandler()
#7 /home/melahi/code/A-mediawiki-project/mediawiki-antiziganism/includes/api/ApiStashEdit.php(252): MediaWiki\Content\ContentHandlerFactory->getAllContentFormats()
#8 /home/melahi/code/A-mediawiki-project/mediawiki-antiziganism/includes/api/ApiBase.php(1911): MediaWiki\Api\ApiStashEdit->getAllowedParams()
#9 /home/melahi/code/A-mediawiki-project/mediawiki-antiziganism/includes/api/ApiBase.php(851): MediaWiki\Api\ApiBase->getFinalParams()
#10 /home/melahi/code/A-mediawiki-project/mediawiki-antiziganism/includes/api/ApiMain.php(1607): MediaWiki\Api\ApiBase->extractRequestParams()
#11 /home/melahi/code/A-mediawiki-project/mediawiki-antiziganism/includes/api/ApiMain.php(2007): MediaWiki\Api\ApiMain->setupModule()
#12 /home/melahi/code/A-mediawiki-project/mediawiki-antiziganism/includes/api/ApiMain.php(955): MediaWiki\Api\ApiMain->executeAction()
#13 /home/melahi/code/A-mediawiki-project/mediawiki-antiziganism/includes/api/ApiMain.php(926): MediaWiki\Api\ApiMain->executeActionWithErrorHandling()
#14 /home/melahi/code/A-mediawiki-project/mediawiki-antiziganism/includes/api/ApiEntryPoint.php(152): MediaWiki\Api\ApiMain->execute()
#15 /home/melahi/code/A-mediawiki-project/mediawiki-antiziganism/includes/MediaWikiEntryPoint.php(198): MediaWiki\Api\ApiEntryPoint->execute()
#16 /home/melahi/code/A-mediawiki-project/mediawiki-antiziganism/api.php(44): MediaWiki\MediaWikiEntryPoint->run()
#17 {main}
2025-08-20 10:28:52 melahi-Latitude-7410 my_wiki: [e9bc2784dea650823be8a188] /api.php   TypeError: MediaWiki\Content\JsonContentHandler::__construct(): Argument #2 ($parsoidParserFactory) must be of type ?MediaWiki\Parser\Parsoid\ParsoidParserFactory, array given, called in /home/melahi/code/A-mediawiki-project/mediawiki-antiziganism/extensions/SemanticMediaWiki/src/MediaWiki/Content/SchemaContentHandler.php on line 29
#0 /home/melahi/code/A-mediawiki-project/mediawiki-antiziganism/extensions/SemanticMediaWiki/src/MediaWiki/Content/SchemaContentHandler.php(29): MediaWiki\Content\JsonContentHandler->__construct()
#1 /home/melahi/code/A-mediawiki-project/mediawiki-antiziganism/vendor/wikimedia/object-factory/src/ObjectFactory.php(240): SMW\MediaWiki\Content\SchemaContentHandler->__construct()
#2 /home/melahi/code/A-mediawiki-project/mediawiki-antiziganism/vendor/wikimedia/object-factory/src/ObjectFactory.php(149): Wikimedia\ObjectFactory\ObjectFactory::getObjectFromSpec()
#3 /home/melahi/code/A-mediawiki-project/mediawiki-antiziganism/includes/content/ContentHandlerFactory.php(217): Wikimedia\ObjectFactory\ObjectFactory->createObject()
#4 /home/melahi/code/A-mediawiki-project/mediawiki-antiziganism/includes/content/ContentHandlerFactory.php(167): MediaWiki\Content\ContentHandlerFactory->createContentHandlerFromHandlerSpec()
#5 /home/melahi/code/A-mediawiki-project/mediawiki-antiziganism/includes/content/ContentHandlerFactory.php(87): MediaWiki\Content\ContentHandlerFactory->createForModelID()
#6 /home/melahi/code/A-mediawiki-project/mediawiki-antiziganism/includes/content/ContentHandlerFactory.php(143): MediaWiki\Content\ContentHandlerFactory->getContentHandler()
#7 /home/melahi/code/A-mediawiki-project/mediawiki-antiziganism/includes/api/ApiStashEdit.php(252): MediaWiki\Content\ContentHandlerFactory->getAllContentFormats()
#8 /home/melahi/code/A-mediawiki-project/mediawiki-antiziganism/includes/api/ApiBase.php(1911): MediaWiki\Api\ApiStashEdit->getAllowedParams()
#9 /home/melahi/code/A-mediawiki-project/mediawiki-antiziganism/includes/api/ApiBase.php(851): MediaWiki\Api\ApiBase->getFinalParams()
#10 /home/melahi/code/A-mediawiki-project/mediawiki-antiziganism/includes/api/ApiMain.php(1607): MediaWiki\Api\ApiBase->extractRequestParams()
#11 /home/melahi/code/A-mediawiki-project/mediawiki-antiziganism/includes/api/ApiMain.php(2007): MediaWiki\Api\ApiMain->setupModule()
#12 /home/melahi/code/A-mediawiki-project/mediawiki-antiziganism/includes/api/ApiMain.php(955): MediaWiki\Api\ApiMain->executeAction()
#13 /home/melahi/code/A-mediawiki-project/mediawiki-antiziganism/includes/api/ApiMain.php(926): MediaWiki\Api\ApiMain->executeActionWithErrorHandling()
#14 /home/melahi/code/A-mediawiki-project/mediawiki-antiziganism/includes/api/ApiEntryPoint.php(152): MediaWiki\Api\ApiMain->execute()
#15 /home/melahi/code/A-mediawiki-project/mediawiki-antiziganism/includes/MediaWikiEntryPoint.php(198): MediaWiki\Api\ApiEntryPoint->execute()
#16 /home/melahi/code/A-mediawiki-project/mediawiki-antiziganism/api.php(44): MediaWiki\MediaWikiEntryPoint->run()
#17 {main}
2025-08-20 10:29:00 melahi-Latitude-7410 my_wiki: [bc10dd5773e49d308f44b83f] /api.php   TypeError: MediaWiki\Content\JsonContentHandler::__construct(): Argument #2 ($parsoidParserFactory) must be of type ?MediaWiki\Parser\Parsoid\ParsoidParserFactory, array given, called in /home/melahi/code/A-mediawiki-project/mediawiki-antiziganism/extensions/SemanticMediaWiki/src/MediaWiki/Content/SchemaContentHandler.php on line 29
#0 /home/melahi/code/A-mediawiki-project/mediawiki-antiziganism/extensions/SemanticMediaWiki/src/MediaWiki/Content/SchemaContentHandler.php(29): MediaWiki\Content\JsonContentHandler->__construct()
#1 /home/melahi/code/A-mediawiki-project/mediawiki-antiziganism/vendor/wikimedia/object-factory/src/ObjectFactory.php(240): SMW\MediaWiki\Content\SchemaContentHandler->__construct()
#2 /home/melahi/code/A-mediawiki-project/mediawiki-antiziganism/vendor/wikimedia/object-factory/src/ObjectFactory.php(149): Wikimedia\ObjectFactory\ObjectFactory::getObjectFromSpec()
#3 /home/melahi/code/A-mediawiki-project/mediawiki-antiziganism/includes/content/ContentHandlerFactory.php(217): Wikimedia\ObjectFactory\ObjectFactory->createObject()
#4 /home/melahi/code/A-mediawiki-project/mediawiki-antiziganism/includes/content/ContentHandlerFactory.php(167): MediaWiki\Content\ContentHandlerFactory->createContentHandlerFromHandlerSpec()
#5 /home/melahi/code/A-mediawiki-project/mediawiki-antiziganism/includes/content/ContentHandlerFactory.php(87): MediaWiki\Content\ContentHandlerFactory->createForModelID()
#6 /home/melahi/code/A-mediawiki-project/mediawiki-antiziganism/includes/content/ContentHandlerFactory.php(143): MediaWiki\Content\ContentHandlerFactory->getContentHandler()
#7 /home/melahi/code/A-mediawiki-project/mediawiki-antiziganism/includes/api/ApiStashEdit.php(252): MediaWiki\Content\ContentHandlerFactory->getAllContentFormats()
#8 /home/melahi/code/A-mediawiki-project/mediawiki-antiziganism/includes/api/ApiBase.php(1911): MediaWiki\Api\ApiStashEdit->getAllowedParams()
#9 /home/melahi/code/A-mediawiki-project/mediawiki-antiziganism/includes/api/ApiBase.php(851): MediaWiki\Api\ApiBase->getFinalParams()
#10 /home/melahi/code/A-mediawiki-project/mediawiki-antiziganism/includes/api/ApiMain.php(1607): MediaWiki\Api\ApiBase->extractRequestParams()
#11 /home/melahi/code/A-mediawiki-project/mediawiki-antiziganism/includes/api/ApiMain.php(2007): MediaWiki\Api\ApiMain->setupModule()
#12 /home/melahi/code/A-mediawiki-project/mediawiki-antiziganism/includes/api/ApiMain.php(955): MediaWiki\Api\ApiMain->executeAction()
#13 /home/melahi/code/A-mediawiki-project/mediawiki-antiziganism/includes/api/ApiMain.php(926): MediaWiki\Api\ApiMain->executeActionWithErrorHandling()
#14 /home/melahi/code/A-mediawiki-project/mediawiki-antiziganism/includes/api/ApiEntryPoint.php(152): MediaWiki\Api\ApiMain->execute()
#15 /home/melahi/code/A-mediawiki-project/mediawiki-antiziganism/includes/MediaWikiEntryPoint.php(198): MediaWiki\Api\ApiEntryPoint->execute()
#16 /home/melahi/code/A-mediawiki-project/mediawiki-antiziganism/api.php(44): MediaWiki\MediaWikiEntryPoint->run()
#17 {main}
2025-08-20 10:30:24 melahi-Latitude-7410 my_wiki: [b6d72f02c7098f64d35b34df] /api.php   TypeError: MediaWiki\Content\JsonContentHandler::__construct(): Argument #2 ($parsoidParserFactory) must be of type ?MediaWiki\Parser\Parsoid\ParsoidParserFactory, array given, called in /home/melahi/code/A-mediawiki-project/mediawiki-antiziganism/extensions/SemanticMediaWiki/src/MediaWiki/Content/SchemaContentHandler.php on line 29
#0 /home/melahi/code/A-mediawiki-project/mediawiki-antiziganism/extensions/SemanticMediaWiki/src/MediaWiki/Content/SchemaContentHandler.php(29): MediaWiki\Content\JsonContentHandler->__construct()
#1 /home/melahi/code/A-mediawiki-project/mediawiki-antiziganism/vendor/wikimedia/object-factory/src/ObjectFactory.php(240): SMW\MediaWiki\Content\SchemaContentHandler->__construct()
#2 /home/melahi/code/A-mediawiki-project/mediawiki-antiziganism/vendor/wikimedia/object-factory/src/ObjectFactory.php(149): Wikimedia\ObjectFactory\ObjectFactory::getObjectFromSpec()
#3 /home/melahi/code/A-mediawiki-project/mediawiki-antiziganism/includes/content/ContentHandlerFactory.php(217): Wikimedia\ObjectFactory\ObjectFactory->createObject()
#4 /home/melahi/code/A-mediawiki-project/mediawiki-antiziganism/includes/content/ContentHandlerFactory.php(167): MediaWiki\Content\ContentHandlerFactory->createContentHandlerFromHandlerSpec()
#5 /home/melahi/code/A-mediawiki-project/mediawiki-antiziganism/includes/content/ContentHandlerFactory.php(87): MediaWiki\Content\ContentHandlerFactory->createForModelID()
#6 /home/melahi/code/A-mediawiki-project/mediawiki-antiziganism/includes/content/ContentHandlerFactory.php(143): MediaWiki\Content\ContentHandlerFactory->getContentHandler()
#7 /home/melahi/code/A-mediawiki-project/mediawiki-antiziganism/includes/api/ApiStashEdit.php(252): MediaWiki\Content\ContentHandlerFactory->getAllContentFormats()
#8 /home/melahi/code/A-mediawiki-project/mediawiki-antiziganism/includes/api/ApiBase.php(1911): MediaWiki\Api\ApiStashEdit->getAllowedParams()
#9 /home/melahi/code/A-mediawiki-project/mediawiki-antiziganism/includes/api/ApiBase.php(851): MediaWiki\Api\ApiBase->getFinalParams()
#10 /home/melahi/code/A-mediawiki-project/mediawiki-antiziganism/includes/api/ApiMain.php(1607): MediaWiki\Api\ApiBase->extractRequestParams()
#11 /home/melahi/code/A-mediawiki-project/mediawiki-antiziganism/includes/api/ApiMain.php(2007): MediaWiki\Api\ApiMain->setupModule()
#12 /home/melahi/code/A-mediawiki-project/mediawiki-antiziganism/includes/api/ApiMain.php(955): MediaWiki\Api\ApiMain->executeAction()
#13 /home/melahi/code/A-mediawiki-project/mediawiki-antiziganism/includes/api/ApiMain.php(926): MediaWiki\Api\ApiMain->executeActionWithErrorHandling()
#14 /home/melahi/code/A-mediawiki-project/mediawiki-antiziganism/includes/api/ApiEntryPoint.php(152): MediaWiki\Api\ApiMain->execute()
#15 /home/melahi/code/A-mediawiki-project/mediawiki-antiziganism/includes/MediaWikiEntryPoint.php(198): MediaWiki\Api\ApiEntryPoint->execute()
#16 /home/melahi/code/A-mediawiki-project/mediawiki-antiziganism/api.php(44): MediaWiki\MediaWikiEntryPoint->run()
#17 {main}
2025-08-20 10:30:32 melahi-Latitude-7410 my_wiki: [2fd6dd019c70851437b7d8df] /api.php   TypeError: MediaWiki\Content\JsonContentHandler::__construct(): Argument #2 ($parsoidParserFactory) must be of type ?MediaWiki\Parser\Parsoid\ParsoidParserFactory, array given, called in /home/melahi/code/A-mediawiki-project/mediawiki-antiziganism/extensions/SemanticMediaWiki/src/MediaWiki/Content/SchemaContentHandler.php on line 29
#0 /home/melahi/code/A-mediawiki-project/mediawiki-antiziganism/extensions/SemanticMediaWiki/src/MediaWiki/Content/SchemaContentHandler.php(29): MediaWiki\Content\JsonContentHandler->__construct()
#1 /home/melahi/code/A-mediawiki-project/mediawiki-antiziganism/vendor/wikimedia/object-factory/src/ObjectFactory.php(240): SMW\MediaWiki\Content\SchemaContentHandler->__construct()
#2 /home/melahi/code/A-mediawiki-project/mediawiki-antiziganism/vendor/wikimedia/object-factory/src/ObjectFactory.php(149): Wikimedia\ObjectFactory\ObjectFactory::getObjectFromSpec()
#3 /home/melahi/code/A-mediawiki-project/mediawiki-antiziganism/includes/content/ContentHandlerFactory.php(217): Wikimedia\ObjectFactory\ObjectFactory->createObject()
#4 /home/melahi/code/A-mediawiki-project/mediawiki-antiziganism/includes/content/ContentHandlerFactory.php(167): MediaWiki\Content\ContentHandlerFactory->createContentHandlerFromHandlerSpec()
#5 /home/melahi/code/A-mediawiki-project/mediawiki-antiziganism/includes/content/ContentHandlerFactory.php(87): MediaWiki\Content\ContentHandlerFactory->createForModelID()
#6 /home/melahi/code/A-mediawiki-project/mediawiki-antiziganism/includes/content/ContentHandlerFactory.php(143): MediaWiki\Content\ContentHandlerFactory->getContentHandler()
#7 /home/melahi/code/A-mediawiki-project/mediawiki-antiziganism/includes/api/ApiStashEdit.php(252): MediaWiki\Content\ContentHandlerFactory->getAllContentFormats()
#8 /home/melahi/code/A-mediawiki-project/mediawiki-antiziganism/includes/api/ApiBase.php(1911): MediaWiki\Api\ApiStashEdit->getAllowedParams()
#9 /home/melahi/code/A-mediawiki-project/mediawiki-antiziganism/includes/api/ApiBase.php(851): MediaWiki\Api\ApiBase->getFinalParams()
#10 /home/melahi/code/A-mediawiki-project/mediawiki-antiziganism/includes/api/ApiMain.php(1607): MediaWiki\Api\ApiBase->extractRequestParams()
#11 /home/melahi/code/A-mediawiki-project/mediawiki-antiziganism/includes/api/ApiMain.php(2007): MediaWiki\Api\ApiMain->setupModule()
#12 /home/melahi/code/A-mediawiki-project/mediawiki-antiziganism/includes/api/ApiMain.php(955): MediaWiki\Api\ApiMain->executeAction()
#13 /home/melahi/code/A-mediawiki-project/mediawiki-antiziganism/includes/api/ApiMain.php(926): MediaWiki\Api\ApiMain->executeActionWithErrorHandling()
#14 /home/melahi/code/A-mediawiki-project/mediawiki-antiziganism/includes/api/ApiEntryPoint.php(152): MediaWiki\Api\ApiMain->execute()
#15 /home/melahi/code/A-mediawiki-project/mediawiki-antiziganism/includes/MediaWikiEntryPoint.php(198): MediaWiki\Api\ApiEntryPoint->execute()
#16 /home/melahi/code/A-mediawiki-project/mediawiki-antiziganism/api.php(44): MediaWiki\MediaWikiEntryPoint->run()
#17 {main}
2025-08-20 10:30:42 melahi-Latitude-7410 my_wiki: [7477c3ec2e4ef51294dc3304] /api.php   TypeError: MediaWiki\Content\JsonContentHandler::__construct(): Argument #2 ($parsoidParserFactory) must be of type ?MediaWiki\Parser\Parsoid\ParsoidParserFactory, array given, called in /home/melahi/code/A-mediawiki-project/mediawiki-antiziganism/extensions/SemanticMediaWiki/src/MediaWiki/Content/SchemaContentHandler.php on line 29
#0 /home/melahi/code/A-mediawiki-project/mediawiki-antiziganism/extensions/SemanticMediaWiki/src/MediaWiki/Content/SchemaContentHandler.php(29): MediaWiki\Content\JsonContentHandler->__construct()
#1 /home/melahi/code/A-mediawiki-project/mediawiki-antiziganism/vendor/wikimedia/object-factory/src/ObjectFactory.php(240): SMW\MediaWiki\Content\SchemaContentHandler->__construct()
#2 /home/melahi/code/A-mediawiki-project/mediawiki-antiziganism/vendor/wikimedia/object-factory/src/ObjectFactory.php(149): Wikimedia\ObjectFactory\ObjectFactory::getObjectFromSpec()
#3 /home/melahi/code/A-mediawiki-project/mediawiki-antiziganism/includes/content/ContentHandlerFactory.php(217): Wikimedia\ObjectFactory\ObjectFactory->createObject()
#4 /home/melahi/code/A-mediawiki-project/mediawiki-antiziganism/includes/content/ContentHandlerFactory.php(167): MediaWiki\Content\ContentHandlerFactory->createContentHandlerFromHandlerSpec()
#5 /home/melahi/code/A-mediawiki-project/mediawiki-antiziganism/includes/content/ContentHandlerFactory.php(87): MediaWiki\Content\ContentHandlerFactory->createForModelID()
#6 /home/melahi/code/A-mediawiki-project/mediawiki-antiziganism/includes/content/ContentHandlerFactory.php(143): MediaWiki\Content\ContentHandlerFactory->getContentHandler()
#7 /home/melahi/code/A-mediawiki-project/mediawiki-antiziganism/includes/api/ApiStashEdit.php(252): MediaWiki\Content\ContentHandlerFactory->getAllContentFormats()
#8 /home/melahi/code/A-mediawiki-project/mediawiki-antiziganism/includes/api/ApiBase.php(1911): MediaWiki\Api\ApiStashEdit->getAllowedParams()
#9 /home/melahi/code/A-mediawiki-project/mediawiki-antiziganism/includes/api/ApiBase.php(851): MediaWiki\Api\ApiBase->getFinalParams()
#10 /home/melahi/code/A-mediawiki-project/mediawiki-antiziganism/includes/api/ApiMain.php(1607): MediaWiki\Api\ApiBase->extractRequestParams()
#11 /home/melahi/code/A-mediawiki-project/mediawiki-antiziganism/includes/api/ApiMain.php(2007): MediaWiki\Api\ApiMain->setupModule()
#12 /home/melahi/code/A-mediawiki-project/mediawiki-antiziganism/includes/api/ApiMain.php(955): MediaWiki\Api\ApiMain->executeAction()
#13 /home/melahi/code/A-mediawiki-project/mediawiki-antiziganism/includes/api/ApiMain.php(926): MediaWiki\Api\ApiMain->executeActionWithErrorHandling()
#14 /home/melahi/code/A-mediawiki-project/mediawiki-antiziganism/includes/api/ApiEntryPoint.php(152): MediaWiki\Api\ApiMain->execute()
#15 /home/melahi/code/A-mediawiki-project/mediawiki-antiziganism/includes/MediaWikiEntryPoint.php(198): MediaWiki\Api\ApiEntryPoint->execute()
#16 /home/melahi/code/A-mediawiki-project/mediawiki-antiziganism/api.php(44): MediaWiki\MediaWikiEntryPoint->run()
#17 {main}
2025-08-20 10:31:01 melahi-Latitude-7410 my_wiki: [6c1d12183eca2b255b7ac47d] /api.php   TypeError: MediaWiki\Content\JsonContentHandler::__construct(): Argument #2 ($parsoidParserFactory) must be of type ?MediaWiki\Parser\Parsoid\ParsoidParserFactory, array given, called in /home/melahi/code/A-mediawiki-project/mediawiki-antiziganism/extensions/SemanticMediaWiki/src/MediaWiki/Content/SchemaContentHandler.php on line 29
#0 /home/melahi/code/A-mediawiki-project/mediawiki-antiziganism/extensions/SemanticMediaWiki/src/MediaWiki/Content/SchemaContentHandler.php(29): MediaWiki\Content\JsonContentHandler->__construct()
#1 /home/melahi/code/A-mediawiki-project/mediawiki-antiziganism/vendor/wikimedia/object-factory/src/ObjectFactory.php(240): SMW\MediaWiki\Content\SchemaContentHandler->__construct()
#2 /home/melahi/code/A-mediawiki-project/mediawiki-antiziganism/vendor/wikimedia/object-factory/src/ObjectFactory.php(149): Wikimedia\ObjectFactory\ObjectFactory::getObjectFromSpec()
#3 /home/melahi/code/A-mediawiki-project/mediawiki-antiziganism/includes/content/ContentHandlerFactory.php(217): Wikimedia\ObjectFactory\ObjectFactory->createObject()
#4 /home/melahi/code/A-mediawiki-project/mediawiki-antiziganism/includes/content/ContentHandlerFactory.php(167): MediaWiki\Content\ContentHandlerFactory->createContentHandlerFromHandlerSpec()
#5 /home/melahi/code/A-mediawiki-project/mediawiki-antiziganism/includes/content/ContentHandlerFactory.php(87): MediaWiki\Content\ContentHandlerFactory->createForModelID()
#6 /home/melahi/code/A-mediawiki-project/mediawiki-antiziganism/includes/content/ContentHandlerFactory.php(143): MediaWiki\Content\ContentHandlerFactory->getContentHandler()
#7 /home/melahi/code/A-mediawiki-project/mediawiki-antiziganism/includes/api/ApiStashEdit.php(252): MediaWiki\Content\ContentHandlerFactory->getAllContentFormats()
#8 /home/melahi/code/A-mediawiki-project/mediawiki-antiziganism/includes/api/ApiBase.php(1911): MediaWiki\Api\ApiStashEdit->getAllowedParams()
#9 /home/melahi/code/A-mediawiki-project/mediawiki-antiziganism/includes/api/ApiBase.php(851): MediaWiki\Api\ApiBase->getFinalParams()
#10 /home/melahi/code/A-mediawiki-project/mediawiki-antiziganism/includes/api/ApiMain.php(1607): MediaWiki\Api\ApiBase->extractRequestParams()
#11 /home/melahi/code/A-mediawiki-project/mediawiki-antiziganism/includes/api/ApiMain.php(2007): MediaWiki\Api\ApiMain->setupModule()
#12 /home/melahi/code/A-mediawiki-project/mediawiki-antiziganism/includes/api/ApiMain.php(955): MediaWiki\Api\ApiMain->executeAction()
#13 /home/melahi/code/A-mediawiki-project/mediawiki-antiziganism/includes/api/ApiMain.php(926): MediaWiki\Api\ApiMain->executeActionWithErrorHandling()
#14 /home/melahi/code/A-mediawiki-project/mediawiki-antiziganism/includes/api/ApiEntryPoint.php(152): MediaWiki\Api\ApiMain->execute()
#15 /home/melahi/code/A-mediawiki-project/mediawiki-antiziganism/includes/MediaWikiEntryPoint.php(198): MediaWiki\Api\ApiEntryPoint->execute()
#16 /home/melahi/code/A-mediawiki-project/mediawiki-antiziganism/api.php(44): MediaWiki\MediaWikiEntryPoint->run()
#17 {main}
2025-08-20 10:31:12 melahi-Latitude-7410 my_wiki: [866cbef27357e67fbbf666ce] /api.php   TypeError: MediaWiki\Content\JsonContentHandler::__construct(): Argument #2 ($parsoidParserFactory) must be of type ?MediaWiki\Parser\Parsoid\ParsoidParserFactory, array given, called in /home/melahi/code/A-mediawiki-project/mediawiki-antiziganism/extensions/SemanticMediaWiki/src/MediaWiki/Content/SchemaContentHandler.php on line 29
#0 /home/melahi/code/A-mediawiki-project/mediawiki-antiziganism/extensions/SemanticMediaWiki/src/MediaWiki/Content/SchemaContentHandler.php(29): MediaWiki\Content\JsonContentHandler->__construct()
#1 /home/melahi/code/A-mediawiki-project/mediawiki-antiziganism/vendor/wikimedia/object-factory/src/ObjectFactory.php(240): SMW\MediaWiki\Content\SchemaContentHandler->__construct()
#2 /home/melahi/code/A-mediawiki-project/mediawiki-antiziganism/vendor/wikimedia/object-factory/src/ObjectFactory.php(149): Wikimedia\ObjectFactory\ObjectFactory::getObjectFromSpec()
#3 /home/melahi/code/A-mediawiki-project/mediawiki-antiziganism/includes/content/ContentHandlerFactory.php(217): Wikimedia\ObjectFactory\ObjectFactory->createObject()
#4 /home/melahi/code/A-mediawiki-project/mediawiki-antiziganism/includes/content/ContentHandlerFactory.php(167): MediaWiki\Content\ContentHandlerFactory->createContentHandlerFromHandlerSpec()
#5 /home/melahi/code/A-mediawiki-project/mediawiki-antiziganism/includes/content/ContentHandlerFactory.php(87): MediaWiki\Content\ContentHandlerFactory->createForModelID()
#6 /home/melahi/code/A-mediawiki-project/mediawiki-antiziganism/includes/content/ContentHandlerFactory.php(143): MediaWiki\Content\ContentHandlerFactory->getContentHandler()
#7 /home/melahi/code/A-mediawiki-project/mediawiki-antiziganism/includes/api/ApiStashEdit.php(252): MediaWiki\Content\ContentHandlerFactory->getAllContentFormats()
#8 /home/melahi/code/A-mediawiki-project/mediawiki-antiziganism/includes/api/ApiBase.php(1911): MediaWiki\Api\ApiStashEdit->getAllowedParams()
#9 /home/melahi/code/A-mediawiki-project/mediawiki-antiziganism/includes/api/ApiBase.php(851): MediaWiki\Api\ApiBase->getFinalParams()
#10 /home/melahi/code/A-mediawiki-project/mediawiki-antiziganism/includes/api/ApiMain.php(1607): MediaWiki\Api\ApiBase->extractRequestParams()
#11 /home/melahi/code/A-mediawiki-project/mediawiki-antiziganism/includes/api/ApiMain.php(2007): MediaWiki\Api\ApiMain->setupModule()
#12 /home/melahi/code/A-mediawiki-project/mediawiki-antiziganism/includes/api/ApiMain.php(955): MediaWiki\Api\ApiMain->executeAction()
#13 /home/melahi/code/A-mediawiki-project/mediawiki-antiziganism/includes/api/ApiMain.php(926): MediaWiki\Api\ApiMain->executeActionWithErrorHandling()
#14 /home/melahi/code/A-mediawiki-project/mediawiki-antiziganism/includes/api/ApiEntryPoint.php(152): MediaWiki\Api\ApiMain->execute()
#15 /home/melahi/code/A-mediawiki-project/mediawiki-antiziganism/includes/MediaWikiEntryPoint.php(198): MediaWiki\Api\ApiEntryPoint->execute()
#16 /home/melahi/code/A-mediawiki-project/mediawiki-antiziganism/api.php(44): MediaWiki\MediaWikiEntryPoint->run()
#17 {main}
2025-08-20 10:31:27 melahi-Latitude-7410 my_wiki: [a1c677de225ff35672ecb5d2] /api.php   TypeError: MediaWiki\Content\JsonContentHandler::__construct(): Argument #2 ($parsoidParserFactory) must be of type ?MediaWiki\Parser\Parsoid\ParsoidParserFactory, array given, called in /home/melahi/code/A-mediawiki-project/mediawiki-antiziganism/extensions/SemanticMediaWiki/src/MediaWiki/Content/SchemaContentHandler.php on line 29
#0 /home/melahi/code/A-mediawiki-project/mediawiki-antiziganism/extensions/SemanticMediaWiki/src/MediaWiki/Content/SchemaContentHandler.php(29): MediaWiki\Content\JsonContentHandler->__construct()
#1 /home/melahi/code/A-mediawiki-project/mediawiki-antiziganism/vendor/wikimedia/object-factory/src/ObjectFactory.php(240): SMW\MediaWiki\Content\SchemaContentHandler->__construct()
#2 /home/melahi/code/A-mediawiki-project/mediawiki-antiziganism/vendor/wikimedia/object-factory/src/ObjectFactory.php(149): Wikimedia\ObjectFactory\ObjectFactory::getObjectFromSpec()
#3 /home/melahi/code/A-mediawiki-project/mediawiki-antiziganism/includes/content/ContentHandlerFactory.php(217): Wikimedia\ObjectFactory\ObjectFactory->createObject()
#4 /home/melahi/code/A-mediawiki-project/mediawiki-antiziganism/includes/content/ContentHandlerFactory.php(167): MediaWiki\Content\ContentHandlerFactory->createContentHandlerFromHandlerSpec()
#5 /home/melahi/code/A-mediawiki-project/mediawiki-antiziganism/includes/content/ContentHandlerFactory.php(87): MediaWiki\Content\ContentHandlerFactory->createForModelID()
#6 /home/melahi/code/A-mediawiki-project/mediawiki-antiziganism/includes/content/ContentHandlerFactory.php(143): MediaWiki\Content\ContentHandlerFactory->getContentHandler()
#7 /home/melahi/code/A-mediawiki-project/mediawiki-antiziganism/includes/api/ApiStashEdit.php(252): MediaWiki\Content\ContentHandlerFactory->getAllContentFormats()
#8 /home/melahi/code/A-mediawiki-project/mediawiki-antiziganism/includes/api/ApiBase.php(1911): MediaWiki\Api\ApiStashEdit->getAllowedParams()
#9 /home/melahi/code/A-mediawiki-project/mediawiki-antiziganism/includes/api/ApiBase.php(851): MediaWiki\Api\ApiBase->getFinalParams()
#10 /home/melahi/code/A-mediawiki-project/mediawiki-antiziganism/includes/api/ApiMain.php(1607): MediaWiki\Api\ApiBase->extractRequestParams()
#11 /home/melahi/code/A-mediawiki-project/mediawiki-antiziganism/includes/api/ApiMain.php(2007): MediaWiki\Api\ApiMain->setupModule()
#12 /home/melahi/code/A-mediawiki-project/mediawiki-antiziganism/includes/api/ApiMain.php(955): MediaWiki\Api\ApiMain->executeAction()
#13 /home/melahi/code/A-mediawiki-project/mediawiki-antiziganism/includes/api/ApiMain.php(926): MediaWiki\Api\ApiMain->executeActionWithErrorHandling()
#14 /home/melahi/code/A-mediawiki-project/mediawiki-antiziganism/includes/api/ApiEntryPoint.php(152): MediaWiki\Api\ApiMain->execute()
#15 /home/melahi/code/A-mediawiki-project/mediawiki-antiziganism/includes/MediaWikiEntryPoint.php(198): MediaWiki\Api\ApiEntryPoint->execute()
#16 /home/melahi/code/A-mediawiki-project/mediawiki-antiziganism/api.php(44): MediaWiki\MediaWikiEntryPoint->run()
#17 {main}
2025-08-20 10:31:57 melahi-Latitude-7410 my_wiki: [6d53753d37b8dc4198576111] /api.php   TypeError: MediaWiki\Content\JsonContentHandler::__construct(): Argument #2 ($parsoidParserFactory) must be of type ?MediaWiki\Parser\Parsoid\ParsoidParserFactory, array given, called in /home/melahi/code/A-mediawiki-project/mediawiki-antiziganism/extensions/SemanticMediaWiki/src/MediaWiki/Content/SchemaContentHandler.php on line 29
#0 /home/melahi/code/A-mediawiki-project/mediawiki-antiziganism/extensions/SemanticMediaWiki/src/MediaWiki/Content/SchemaContentHandler.php(29): MediaWiki\Content\JsonContentHandler->__construct()
#1 /home/melahi/code/A-mediawiki-project/mediawiki-antiziganism/vendor/wikimedia/object-factory/src/ObjectFactory.php(240): SMW\MediaWiki\Content\SchemaContentHandler->__construct()
#2 /home/melahi/code/A-mediawiki-project/mediawiki-antiziganism/vendor/wikimedia/object-factory/src/ObjectFactory.php(149): Wikimedia\ObjectFactory\ObjectFactory::getObjectFromSpec()
#3 /home/melahi/code/A-mediawiki-project/mediawiki-antiziganism/includes/content/ContentHandlerFactory.php(217): Wikimedia\ObjectFactory\ObjectFactory->createObject()
#4 /home/melahi/code/A-mediawiki-project/mediawiki-antiziganism/includes/content/ContentHandlerFactory.php(167): MediaWiki\Content\ContentHandlerFactory->createContentHandlerFromHandlerSpec()
#5 /home/melahi/code/A-mediawiki-project/mediawiki-antiziganism/includes/content/ContentHandlerFactory.php(87): MediaWiki\Content\ContentHandlerFactory->createForModelID()
#6 /home/melahi/code/A-mediawiki-project/mediawiki-antiziganism/includes/content/ContentHandlerFactory.php(143): MediaWiki\Content\ContentHandlerFactory->getContentHandler()
#7 /home/melahi/code/A-mediawiki-project/mediawiki-antiziganism/includes/api/ApiStashEdit.php(252): MediaWiki\Content\ContentHandlerFactory->getAllContentFormats()
#8 /home/melahi/code/A-mediawiki-project/mediawiki-antiziganism/includes/api/ApiBase.php(1911): MediaWiki\Api\ApiStashEdit->getAllowedParams()
#9 /home/melahi/code/A-mediawiki-project/mediawiki-antiziganism/includes/api/ApiBase.php(851): MediaWiki\Api\ApiBase->getFinalParams()
#10 /home/melahi/code/A-mediawiki-project/mediawiki-antiziganism/includes/api/ApiMain.php(1607): MediaWiki\Api\ApiBase->extractRequestParams()
#11 /home/melahi/code/A-mediawiki-project/mediawiki-antiziganism/includes/api/ApiMain.php(2007): MediaWiki\Api\ApiMain->setupModule()
#12 /home/melahi/code/A-mediawiki-project/mediawiki-antiziganism/includes/api/ApiMain.php(955): MediaWiki\Api\ApiMain->executeAction()
#13 /home/melahi/code/A-mediawiki-project/mediawiki-antiziganism/includes/api/ApiMain.php(926): MediaWiki\Api\ApiMain->executeActionWithErrorHandling()
#14 /home/melahi/code/A-mediawiki-project/mediawiki-antiziganism/includes/api/ApiEntryPoint.php(152): MediaWiki\Api\ApiMain->execute()
#15 /home/melahi/code/A-mediawiki-project/mediawiki-antiziganism/includes/MediaWikiEntryPoint.php(198): MediaWiki\Api\ApiEntryPoint->execute()
#16 /home/melahi/code/A-mediawiki-project/mediawiki-antiziganism/api.php(44): MediaWiki\MediaWikiEntryPoint->run()
#17 {main}
2025-08-20 10:32:00 melahi-Latitude-7410 my_wiki: [3f9c665fd753ad3aed58a260] /api.php   TypeError: MediaWiki\Content\JsonContentHandler::__construct(): Argument #2 ($parsoidParserFactory) must be of type ?MediaWiki\Parser\Parsoid\ParsoidParserFactory, array given, called in /home/melahi/code/A-mediawiki-project/mediawiki-antiziganism/extensions/SemanticMediaWiki/src/MediaWiki/Content/SchemaContentHandler.php on line 29
#0 /home/melahi/code/A-mediawiki-project/mediawiki-antiziganism/extensions/SemanticMediaWiki/src/MediaWiki/Content/SchemaContentHandler.php(29): MediaWiki\Content\JsonContentHandler->__construct()
#1 /home/melahi/code/A-mediawiki-project/mediawiki-antiziganism/vendor/wikimedia/object-factory/src/ObjectFactory.php(240): SMW\MediaWiki\Content\SchemaContentHandler->__construct()
#2 /home/melahi/code/A-mediawiki-project/mediawiki-antiziganism/vendor/wikimedia/object-factory/src/ObjectFactory.php(149): Wikimedia\ObjectFactory\ObjectFactory::getObjectFromSpec()
#3 /home/melahi/code/A-mediawiki-project/mediawiki-antiziganism/includes/content/ContentHandlerFactory.php(217): Wikimedia\ObjectFactory\ObjectFactory->createObject()
#4 /home/melahi/code/A-mediawiki-project/mediawiki-antiziganism/includes/content/ContentHandlerFactory.php(167): MediaWiki\Content\ContentHandlerFactory->createContentHandlerFromHandlerSpec()
#5 /home/melahi/code/A-mediawiki-project/mediawiki-antiziganism/includes/content/ContentHandlerFactory.php(87): MediaWiki\Content\ContentHandlerFactory->createForModelID()
#6 /home/melahi/code/A-mediawiki-project/mediawiki-antiziganism/includes/content/ContentHandlerFactory.php(143): MediaWiki\Content\ContentHandlerFactory->getContentHandler()
#7 /home/melahi/code/A-mediawiki-project/mediawiki-antiziganism/includes/api/ApiStashEdit.php(252): MediaWiki\Content\ContentHandlerFactory->getAllContentFormats()
#8 /home/melahi/code/A-mediawiki-project/mediawiki-antiziganism/includes/api/ApiBase.php(1911): MediaWiki\Api\ApiStashEdit->getAllowedParams()
#9 /home/melahi/code/A-mediawiki-project/mediawiki-antiziganism/includes/api/ApiBase.php(851): MediaWiki\Api\ApiBase->getFinalParams()
#10 /home/melahi/code/A-mediawiki-project/mediawiki-antiziganism/includes/api/ApiMain.php(1607): MediaWiki\Api\ApiBase->extractRequestParams()
#11 /home/melahi/code/A-mediawiki-project/mediawiki-antiziganism/includes/api/ApiMain.php(2007): MediaWiki\Api\ApiMain->setupModule()
#12 /home/melahi/code/A-mediawiki-project/mediawiki-antiziganism/includes/api/ApiMain.php(955): MediaWiki\Api\ApiMain->executeAction()
#13 /home/melahi/code/A-mediawiki-project/mediawiki-antiziganism/includes/api/ApiMain.php(926): MediaWiki\Api\ApiMain->executeActionWithErrorHandling()
#14 /home/melahi/code/A-mediawiki-project/mediawiki-antiziganism/includes/api/ApiEntryPoint.php(152): MediaWiki\Api\ApiMain->execute()
#15 /home/melahi/code/A-mediawiki-project/mediawiki-antiziganism/includes/MediaWikiEntryPoint.php(198): MediaWiki\Api\ApiEntryPoint->execute()
#16 /home/melahi/code/A-mediawiki-project/mediawiki-antiziganism/api.php(44): MediaWiki\MediaWikiEntryPoint->run()
#17 {main}
2025-08-20 10:33:06 melahi-Latitude-7410 my_wiki: [ed148db53126096be40be205] /api.php   TypeError: MediaWiki\Content\JsonContentHandler::__construct(): Argument #2 ($parsoidParserFactory) must be of type ?MediaWiki\Parser\Parsoid\ParsoidParserFactory, array given, called in /home/melahi/code/A-mediawiki-project/mediawiki-antiziganism/extensions/SemanticMediaWiki/src/MediaWiki/Content/SchemaContentHandler.php on line 29
#0 /home/melahi/code/A-mediawiki-project/mediawiki-antiziganism/extensions/SemanticMediaWiki/src/MediaWiki/Content/SchemaContentHandler.php(29): MediaWiki\Content\JsonContentHandler->__construct()
#1 /home/melahi/code/A-mediawiki-project/mediawiki-antiziganism/vendor/wikimedia/object-factory/src/ObjectFactory.php(240): SMW\MediaWiki\Content\SchemaContentHandler->__construct()
#2 /home/melahi/code/A-mediawiki-project/mediawiki-antiziganism/vendor/wikimedia/object-factory/src/ObjectFactory.php(149): Wikimedia\ObjectFactory\ObjectFactory::getObjectFromSpec()
#3 /home/melahi/code/A-mediawiki-project/mediawiki-antiziganism/includes/content/ContentHandlerFactory.php(217): Wikimedia\ObjectFactory\ObjectFactory->createObject()
#4 /home/melahi/code/A-mediawiki-project/mediawiki-antiziganism/includes/content/ContentHandlerFactory.php(167): MediaWiki\Content\ContentHandlerFactory->createContentHandlerFromHandlerSpec()
#5 /home/melahi/code/A-mediawiki-project/mediawiki-antiziganism/includes/content/ContentHandlerFactory.php(87): MediaWiki\Content\ContentHandlerFactory->createForModelID()
#6 /home/melahi/code/A-mediawiki-project/mediawiki-antiziganism/includes/content/ContentHandlerFactory.php(143): MediaWiki\Content\ContentHandlerFactory->getContentHandler()
#7 /home/melahi/code/A-mediawiki-project/mediawiki-antiziganism/includes/api/ApiStashEdit.php(252): MediaWiki\Content\ContentHandlerFactory->getAllContentFormats()
#8 /home/melahi/code/A-mediawiki-project/mediawiki-antiziganism/includes/api/ApiBase.php(1911): MediaWiki\Api\ApiStashEdit->getAllowedParams()
#9 /home/melahi/code/A-mediawiki-project/mediawiki-antiziganism/includes/api/ApiBase.php(851): MediaWiki\Api\ApiBase->getFinalParams()
#10 /home/melahi/code/A-mediawiki-project/mediawiki-antiziganism/includes/api/ApiMain.php(1607): MediaWiki\Api\ApiBase->extractRequestParams()
#11 /home/melahi/code/A-mediawiki-project/mediawiki-antiziganism/includes/api/ApiMain.php(2007): MediaWiki\Api\ApiMain->setupModule()
#12 /home/melahi/code/A-mediawiki-project/mediawiki-antiziganism/includes/api/ApiMain.php(955): MediaWiki\Api\ApiMain->executeAction()
#13 /home/melahi/code/A-mediawiki-project/mediawiki-antiziganism/includes/api/ApiMain.php(926): MediaWiki\Api\ApiMain->executeActionWithErrorHandling()
#14 /home/melahi/code/A-mediawiki-project/mediawiki-antiziganism/includes/api/ApiEntryPoint.php(152): MediaWiki\Api\ApiMain->execute()
#15 /home/melahi/code/A-mediawiki-project/mediawiki-antiziganism/includes/MediaWikiEntryPoint.php(198): MediaWiki\Api\ApiEntryPoint->execute()
#16 /home/melahi/code/A-mediawiki-project/mediawiki-antiziganism/api.php(44): MediaWiki\MediaWikiEntryPoint->run()
#17 {main}
2025-08-20 10:33:15 melahi-Latitude-7410 my_wiki: [f2db4d9422e68a684a19bbe0] /api.php   TypeError: MediaWiki\Content\JsonContentHandler::__construct(): Argument #2 ($parsoidParserFactory) must be of type ?MediaWiki\Parser\Parsoid\ParsoidParserFactory, array given, called in /home/melahi/code/A-mediawiki-project/mediawiki-antiziganism/extensions/SemanticMediaWiki/src/MediaWiki/Content/SchemaContentHandler.php on line 29
#0 /home/melahi/code/A-mediawiki-project/mediawiki-antiziganism/extensions/SemanticMediaWiki/src/MediaWiki/Content/SchemaContentHandler.php(29): MediaWiki\Content\JsonContentHandler->__construct()
#1 /home/melahi/code/A-mediawiki-project/mediawiki-antiziganism/vendor/wikimedia/object-factory/src/ObjectFactory.php(240): SMW\MediaWiki\Content\SchemaContentHandler->__construct()
#2 /home/melahi/code/A-mediawiki-project/mediawiki-antiziganism/vendor/wikimedia/object-factory/src/ObjectFactory.php(149): Wikimedia\ObjectFactory\ObjectFactory::getObjectFromSpec()
#3 /home/melahi/code/A-mediawiki-project/mediawiki-antiziganism/includes/content/ContentHandlerFactory.php(217): Wikimedia\ObjectFactory\ObjectFactory->createObject()
#4 /home/melahi/code/A-mediawiki-project/mediawiki-antiziganism/includes/content/ContentHandlerFactory.php(167): MediaWiki\Content\ContentHandlerFactory->createContentHandlerFromHandlerSpec()
#5 /home/melahi/code/A-mediawiki-project/mediawiki-antiziganism/includes/content/ContentHandlerFactory.php(87): MediaWiki\Content\ContentHandlerFactory->createForModelID()
#6 /home/melahi/code/A-mediawiki-project/mediawiki-antiziganism/includes/content/ContentHandlerFactory.php(143): MediaWiki\Content\ContentHandlerFactory->getContentHandler()
#7 /home/melahi/code/A-mediawiki-project/mediawiki-antiziganism/includes/api/ApiStashEdit.php(252): MediaWiki\Content\ContentHandlerFactory->getAllContentFormats()
#8 /home/melahi/code/A-mediawiki-project/mediawiki-antiziganism/includes/api/ApiBase.php(1911): MediaWiki\Api\ApiStashEdit->getAllowedParams()
#9 /home/melahi/code/A-mediawiki-project/mediawiki-antiziganism/includes/api/ApiBase.php(851): MediaWiki\Api\ApiBase->getFinalParams()
#10 /home/melahi/code/A-mediawiki-project/mediawiki-antiziganism/includes/api/ApiMain.php(1607): MediaWiki\Api\ApiBase->extractRequestParams()
#11 /home/melahi/code/A-mediawiki-project/mediawiki-antiziganism/includes/api/ApiMain.php(2007): MediaWiki\Api\ApiMain->setupModule()
#12 /home/melahi/code/A-mediawiki-project/mediawiki-antiziganism/includes/api/ApiMain.php(955): MediaWiki\Api\ApiMain->executeAction()
#13 /home/melahi/code/A-mediawiki-project/mediawiki-antiziganism/includes/api/ApiMain.php(926): MediaWiki\Api\ApiMain->executeActionWithErrorHandling()
#14 /home/melahi/code/A-mediawiki-project/mediawiki-antiziganism/includes/api/ApiEntryPoint.php(152): MediaWiki\Api\ApiMain->execute()
#15 /home/melahi/code/A-mediawiki-project/mediawiki-antiziganism/includes/MediaWikiEntryPoint.php(198): MediaWiki\Api\ApiEntryPoint->execute()
#16 /home/melahi/code/A-mediawiki-project/mediawiki-antiziganism/api.php(44): MediaWiki\MediaWikiEntryPoint->run()
#17 {main}
2025-08-20 10:33:41 melahi-Latitude-7410 my_wiki: [9506ef871c4f4e5741406fd2] /api.php   TypeError: MediaWiki\Content\JsonContentHandler::__construct(): Argument #2 ($parsoidParserFactory) must be of type ?MediaWiki\Parser\Parsoid\ParsoidParserFactory, array given, called in /home/melahi/code/A-mediawiki-project/mediawiki-antiziganism/extensions/SemanticMediaWiki/src/MediaWiki/Content/SchemaContentHandler.php on line 29
#0 /home/melahi/code/A-mediawiki-project/mediawiki-antiziganism/extensions/SemanticMediaWiki/src/MediaWiki/Content/SchemaContentHandler.php(29): MediaWiki\Content\JsonContentHandler->__construct()
#1 /home/melahi/code/A-mediawiki-project/mediawiki-antiziganism/vendor/wikimedia/object-factory/src/ObjectFactory.php(240): SMW\MediaWiki\Content\SchemaContentHandler->__construct()
#2 /home/melahi/code/A-mediawiki-project/mediawiki-antiziganism/vendor/wikimedia/object-factory/src/ObjectFactory.php(149): Wikimedia\ObjectFactory\ObjectFactory::getObjectFromSpec()
#3 /home/melahi/code/A-mediawiki-project/mediawiki-antiziganism/includes/content/ContentHandlerFactory.php(217): Wikimedia\ObjectFactory\ObjectFactory->createObject()
#4 /home/melahi/code/A-mediawiki-project/mediawiki-antiziganism/includes/content/ContentHandlerFactory.php(167): MediaWiki\Content\ContentHandlerFactory->createContentHandlerFromHandlerSpec()
#5 /home/melahi/code/A-mediawiki-project/mediawiki-antiziganism/includes/content/ContentHandlerFactory.php(87): MediaWiki\Content\ContentHandlerFactory->createForModelID()
#6 /home/melahi/code/A-mediawiki-project/mediawiki-antiziganism/includes/content/ContentHandlerFactory.php(143): MediaWiki\Content\ContentHandlerFactory->getContentHandler()
#7 /home/melahi/code/A-mediawiki-project/mediawiki-antiziganism/includes/api/ApiStashEdit.php(252): MediaWiki\Content\ContentHandlerFactory->getAllContentFormats()
#8 /home/melahi/code/A-mediawiki-project/mediawiki-antiziganism/includes/api/ApiBase.php(1911): MediaWiki\Api\ApiStashEdit->getAllowedParams()
#9 /home/melahi/code/A-mediawiki-project/mediawiki-antiziganism/includes/api/ApiBase.php(851): MediaWiki\Api\ApiBase->getFinalParams()
#10 /home/melahi/code/A-mediawiki-project/mediawiki-antiziganism/includes/api/ApiMain.php(1607): MediaWiki\Api\ApiBase->extractRequestParams()
#11 /home/melahi/code/A-mediawiki-project/mediawiki-antiziganism/includes/api/ApiMain.php(2007): MediaWiki\Api\ApiMain->setupModule()
#12 /home/melahi/code/A-mediawiki-project/mediawiki-antiziganism/includes/api/ApiMain.php(955): MediaWiki\Api\ApiMain->executeAction()
#13 /home/melahi/code/A-mediawiki-project/mediawiki-antiziganism/includes/api/ApiMain.php(926): MediaWiki\Api\ApiMain->executeActionWithErrorHandling()
#14 /home/melahi/code/A-mediawiki-project/mediawiki-antiziganism/includes/api/ApiEntryPoint.php(152): MediaWiki\Api\ApiMain->execute()
#15 /home/melahi/code/A-mediawiki-project/mediawiki-antiziganism/includes/MediaWikiEntryPoint.php(198): MediaWiki\Api\ApiEntryPoint->execute()
#16 /home/melahi/code/A-mediawiki-project/mediawiki-antiziganism/api.php(44): MediaWiki\MediaWikiEntryPoint->run()
#17 {main}
2025-08-20 10:34:15 melahi-Latitude-7410 my_wiki: [5a50d72a8bcb7851e11cd695] /api.php   TypeError: MediaWiki\Content\JsonContentHandler::__construct(): Argument #2 ($parsoidParserFactory) must be of type ?MediaWiki\Parser\Parsoid\ParsoidParserFactory, array given, called in /home/melahi/code/A-mediawiki-project/mediawiki-antiziganism/extensions/SemanticMediaWiki/src/MediaWiki/Content/SchemaContentHandler.php on line 29
#0 /home/melahi/code/A-mediawiki-project/mediawiki-antiziganism/extensions/SemanticMediaWiki/src/MediaWiki/Content/SchemaContentHandler.php(29): MediaWiki\Content\JsonContentHandler->__construct()
#1 /home/melahi/code/A-mediawiki-project/mediawiki-antiziganism/vendor/wikimedia/object-factory/src/ObjectFactory.php(240): SMW\MediaWiki\Content\SchemaContentHandler->__construct()
#2 /home/melahi/code/A-mediawiki-project/mediawiki-antiziganism/vendor/wikimedia/object-factory/src/ObjectFactory.php(149): Wikimedia\ObjectFactory\ObjectFactory::getObjectFromSpec()
#3 /home/melahi/code/A-mediawiki-project/mediawiki-antiziganism/includes/content/ContentHandlerFactory.php(217): Wikimedia\ObjectFactory\ObjectFactory->createObject()
#4 /home/melahi/code/A-mediawiki-project/mediawiki-antiziganism/includes/content/ContentHandlerFactory.php(167): MediaWiki\Content\ContentHandlerFactory->createContentHandlerFromHandlerSpec()
#5 /home/melahi/code/A-mediawiki-project/mediawiki-antiziganism/includes/content/ContentHandlerFactory.php(87): MediaWiki\Content\ContentHandlerFactory->createForModelID()
#6 /home/melahi/code/A-mediawiki-project/mediawiki-antiziganism/includes/content/ContentHandlerFactory.php(143): MediaWiki\Content\ContentHandlerFactory->getContentHandler()
#7 /home/melahi/code/A-mediawiki-project/mediawiki-antiziganism/includes/api/ApiStashEdit.php(252): MediaWiki\Content\ContentHandlerFactory->getAllContentFormats()
#8 /home/melahi/code/A-mediawiki-project/mediawiki-antiziganism/includes/api/ApiBase.php(1911): MediaWiki\Api\ApiStashEdit->getAllowedParams()
#9 /home/melahi/code/A-mediawiki-project/mediawiki-antiziganism/includes/api/ApiBase.php(851): MediaWiki\Api\ApiBase->getFinalParams()
#10 /home/melahi/code/A-mediawiki-project/mediawiki-antiziganism/includes/api/ApiMain.php(1607): MediaWiki\Api\ApiBase->extractRequestParams()
#11 /home/melahi/code/A-mediawiki-project/mediawiki-antiziganism/includes/api/ApiMain.php(2007): MediaWiki\Api\ApiMain->setupModule()
#12 /home/melahi/code/A-mediawiki-project/mediawiki-antiziganism/includes/api/ApiMain.php(955): MediaWiki\Api\ApiMain->executeAction()
#13 /home/melahi/code/A-mediawiki-project/mediawiki-antiziganism/includes/api/ApiMain.php(926): MediaWiki\Api\ApiMain->executeActionWithErrorHandling()
#14 /home/melahi/code/A-mediawiki-project/mediawiki-antiziganism/includes/api/ApiEntryPoint.php(152): MediaWiki\Api\ApiMain->execute()
#15 /home/melahi/code/A-mediawiki-project/mediawiki-antiziganism/includes/MediaWikiEntryPoint.php(198): MediaWiki\Api\ApiEntryPoint->execute()
#16 /home/melahi/code/A-mediawiki-project/mediawiki-antiziganism/api.php(44): MediaWiki\MediaWikiEntryPoint->run()
#17 {main}
2025-08-21 10:25:20 melahi-Latitude-7410 my_wiki: [068aeb6879ea165f36ea379a] /index.php/Special:Ask   PHP Deprecated: Use of MediaWiki\Xml\Xml::check was deprecated in MediaWiki 1.42. [Called from SMW\MediaWiki\Specials\Ask\ParameterInput::getBooleanInput]
#0 [internal function]: MediaWiki\Exception\MWExceptionHandler::handleError()
#1 /home/melahi/code/A-mediawiki-project/mediawiki-antiziganism/includes/debug/MWDebug.php(386): trigger_error()
#2 /home/melahi/code/A-mediawiki-project/mediawiki-antiziganism/includes/debug/MWDebug.php(357): MediaWiki\Debug\MWDebug::sendRawDeprecated()
#3 /home/melahi/code/A-mediawiki-project/mediawiki-antiziganism/includes/debug/MWDebug.php(238): MediaWiki\Debug\MWDebug::deprecatedMsg()
#4 /home/melahi/code/A-mediawiki-project/mediawiki-antiziganism/includes/GlobalFunctions.php(787): MediaWiki\Debug\MWDebug::deprecated()
#5 /home/melahi/code/A-mediawiki-project/mediawiki-antiziganism/includes/xml/Xml.php(369): wfDeprecated()
#6 /home/melahi/code/A-mediawiki-project/mediawiki-antiziganism/extensions/SemanticMediaWiki/src/MediaWiki/Specials/Ask/ParameterInput.php(228): MediaWiki\Xml\Xml::check()
#7 /home/melahi/code/A-mediawiki-project/mediawiki-antiziganism/extensions/SemanticMediaWiki/src/MediaWiki/Specials/Ask/ParameterInput.php(123): SMW\MediaWiki\Specials\Ask\ParameterInput->getBooleanInput()
#8 /home/melahi/code/A-mediawiki-project/mediawiki-antiziganism/extensions/SemanticMediaWiki/src/MediaWiki/Specials/Ask/ParametersWidget.php(345): SMW\MediaWiki\Specials\Ask\ParameterInput->getHtml()
#9 /home/melahi/code/A-mediawiki-project/mediawiki-antiziganism/extensions/SemanticMediaWiki/src/MediaWiki/Specials/Ask/ParametersWidget.php(251): SMW\MediaWiki\Specials\Ask\ParametersWidget::input()
#10 /home/melahi/code/A-mediawiki-project/mediawiki-antiziganism/extensions/SemanticMediaWiki/src/MediaWiki/Specials/Ask/ParametersWidget.php(143): SMW\MediaWiki\Specials\Ask\ParametersWidget::optionList()
#11 /home/melahi/code/A-mediawiki-project/mediawiki-antiziganism/extensions/SemanticMediaWiki/src/MediaWiki/Specials/Ask/ParametersWidget.php(106): SMW\MediaWiki\Specials\Ask\ParametersWidget::parameterList()
#12 /home/melahi/code/A-mediawiki-project/mediawiki-antiziganism/extensions/SemanticMediaWiki/src/MediaWiki/Specials/Ask/HtmlForm.php(367): SMW\MediaWiki\Specials\Ask\ParametersWidget::fieldset()
#13 /home/melahi/code/A-mediawiki-project/mediawiki-antiziganism/extensions/SemanticMediaWiki/src/MediaWiki/Specials/Ask/HtmlForm.php(198): SMW\MediaWiki\Specials\Ask\HtmlForm->editElements()
#14 /home/melahi/code/A-mediawiki-project/mediawiki-antiziganism/extensions/SemanticMediaWiki/src/MediaWiki/Specials/Ask/HtmlForm.php(142): SMW\MediaWiki\Specials\Ask\HtmlForm->buildHTML()
#15 /home/melahi/code/A-mediawiki-project/mediawiki-antiziganism/extensions/SemanticMediaWiki/src/MediaWiki/Specials/SpecialAsk.php(392): SMW\MediaWiki\Specials\Ask\HtmlForm->getForm()
#16 /home/melahi/code/A-mediawiki-project/mediawiki-antiziganism/extensions/SemanticMediaWiki/src/MediaWiki/Specials/SpecialAsk.php(167): SMW\MediaWiki\Specials\SpecialAsk->makeHTMLResult()
#17 /home/melahi/code/A-mediawiki-project/mediawiki-antiziganism/includes/specialpage/SpecialPage.php(725): SMW\MediaWiki\Specials\SpecialAsk->execute()
#18 /home/melahi/code/A-mediawiki-project/mediawiki-antiziganism/includes/specialpage/SpecialPageFactory.php(1732): MediaWiki\SpecialPage\SpecialPage->run()
#19 /home/melahi/code/A-mediawiki-project/mediawiki-antiziganism/includes/actions/ActionEntryPoint.php(499): MediaWiki\SpecialPage\SpecialPageFactory->executePath()
#20 /home/melahi/code/A-mediawiki-project/mediawiki-antiziganism/includes/actions/ActionEntryPoint.php(143): MediaWiki\Actions\ActionEntryPoint->performRequest()
#21 /home/melahi/code/A-mediawiki-project/mediawiki-antiziganism/includes/MediaWikiEntryPoint.php(198): MediaWiki\Actions\ActionEntryPoint->execute()
#22 /home/melahi/code/A-mediawiki-project/mediawiki-antiziganism/index.php(58): MediaWiki\MediaWikiEntryPoint->run()
#23 {main}
2025-08-21 10:25:33 melahi-Latitude-7410 my_wiki: [b6263a93f8e0a386035ac591] /index.php/Special:Properties   PHP Deprecated: Use of MediaWiki\Xml\Xml::inputLabel was deprecated in MediaWiki 1.42. [Called from SMW\QueryPage::getSearchForm]
#0 [internal function]: MediaWiki\Exception\MWExceptionHandler::handleError()
#1 /home/melahi/code/A-mediawiki-project/mediawiki-antiziganism/includes/debug/MWDebug.php(386): trigger_error()
#2 /home/melahi/code/A-mediawiki-project/mediawiki-antiziganism/includes/debug/MWDebug.php(357): MediaWiki\Debug\MWDebug::sendRawDeprecated()
#3 /home/melahi/code/A-mediawiki-project/mediawiki-antiziganism/includes/debug/MWDebug.php(238): MediaWiki\Debug\MWDebug::deprecatedMsg()
#4 /home/melahi/code/A-mediawiki-project/mediawiki-antiziganism/includes/GlobalFunctions.php(787): MediaWiki\Debug\MWDebug::deprecated()
#5 /home/melahi/code/A-mediawiki-project/mediawiki-antiziganism/includes/xml/Xml.php(438): wfDeprecated()
#6 /home/melahi/code/A-mediawiki-project/mediawiki-antiziganism/extensions/SemanticMediaWiki/includes/querypages/QueryPage.php(153): MediaWiki\Xml\Xml::inputLabel()
#7 /home/melahi/code/A-mediawiki-project/mediawiki-antiziganism/extensions/SemanticMediaWiki/includes/querypages/PropertiesQueryPage.php(73): SMW\QueryPage->getSearchForm()
#8 /home/melahi/code/A-mediawiki-project/mediawiki-antiziganism/extensions/SemanticMediaWiki/includes/querypages/QueryPage.php(216): SMW\PropertiesQueryPage->getPageHeader()
#9 /home/melahi/code/A-mediawiki-project/mediawiki-antiziganism/extensions/SemanticMediaWiki/includes/specials/SpecialProperties.php(48): SMW\QueryPage->doQuery()
#10 /home/melahi/code/A-mediawiki-project/mediawiki-antiziganism/includes/specialpage/SpecialPage.php(725): SMW\SpecialProperties->execute()
#11 /home/melahi/code/A-mediawiki-project/mediawiki-antiziganism/includes/specialpage/SpecialPageFactory.php(1732): MediaWiki\SpecialPage\SpecialPage->run()
#12 /home/melahi/code/A-mediawiki-project/mediawiki-antiziganism/includes/actions/ActionEntryPoint.php(499): MediaWiki\SpecialPage\SpecialPageFactory->executePath()
#13 /home/melahi/code/A-mediawiki-project/mediawiki-antiziganism/includes/actions/ActionEntryPoint.php(143): MediaWiki\Actions\ActionEntryPoint->performRequest()
#14 /home/melahi/code/A-mediawiki-project/mediawiki-antiziganism/includes/MediaWikiEntryPoint.php(198): MediaWiki\Actions\ActionEntryPoint->execute()
#15 /home/melahi/code/A-mediawiki-project/mediawiki-antiziganism/index.php(58): MediaWiki\MediaWikiEntryPoint->run()
#16 {main}
2025-08-21 10:25:33 melahi-Latitude-7410 my_wiki: [b6263a93f8e0a386035ac591] /index.php/Special:Properties   PHP Deprecated: Use of MediaWiki\Xml\Xml::inputLabelSep was deprecated in MediaWiki 1.42. [Called from MediaWiki\Xml\Xml::inputLabel]
#0 [internal function]: MediaWiki\Exception\MWExceptionHandler::handleError()
#1 /home/melahi/code/A-mediawiki-project/mediawiki-antiziganism/includes/debug/MWDebug.php(386): trigger_error()
#2 /home/melahi/code/A-mediawiki-project/mediawiki-antiziganism/includes/debug/MWDebug.php(357): MediaWiki\Debug\MWDebug::sendRawDeprecated()
#3 /home/melahi/code/A-mediawiki-project/mediawiki-antiziganism/includes/debug/MWDebug.php(238): MediaWiki\Debug\MWDebug::deprecatedMsg()
#4 /home/melahi/code/A-mediawiki-project/mediawiki-antiziganism/includes/GlobalFunctions.php(787): MediaWiki\Debug\MWDebug::deprecated()
#5 /home/melahi/code/A-mediawiki-project/mediawiki-antiziganism/includes/xml/Xml.php(460): wfDeprecated()
#6 /home/melahi/code/A-mediawiki-project/mediawiki-antiziganism/includes/xml/Xml.php(440): MediaWiki\Xml\Xml::inputLabelSep()
#7 /home/melahi/code/A-mediawiki-project/mediawiki-antiziganism/extensions/SemanticMediaWiki/includes/querypages/QueryPage.php(153): MediaWiki\Xml\Xml::inputLabel()
#8 /home/melahi/code/A-mediawiki-project/mediawiki-antiziganism/extensions/SemanticMediaWiki/includes/querypages/PropertiesQueryPage.php(73): SMW\QueryPage->getSearchForm()
#9 /home/melahi/code/A-mediawiki-project/mediawiki-antiziganism/extensions/SemanticMediaWiki/includes/querypages/QueryPage.php(216): SMW\PropertiesQueryPage->getPageHeader()
#10 /home/melahi/code/A-mediawiki-project/mediawiki-antiziganism/extensions/SemanticMediaWiki/includes/specials/SpecialProperties.php(48): SMW\QueryPage->doQuery()
#11 /home/melahi/code/A-mediawiki-project/mediawiki-antiziganism/includes/specialpage/SpecialPage.php(725): SMW\SpecialProperties->execute()
#12 /home/melahi/code/A-mediawiki-project/mediawiki-antiziganism/includes/specialpage/SpecialPageFactory.php(1732): MediaWiki\SpecialPage\SpecialPage->run()
#13 /home/melahi/code/A-mediawiki-project/mediawiki-antiziganism/includes/actions/ActionEntryPoint.php(499): MediaWiki\SpecialPage\SpecialPageFactory->executePath()
#14 /home/melahi/code/A-mediawiki-project/mediawiki-antiziganism/includes/actions/ActionEntryPoint.php(143): MediaWiki\Actions\ActionEntryPoint->performRequest()
#15 /home/melahi/code/A-mediawiki-project/mediawiki-antiziganism/includes/MediaWikiEntryPoint.php(198): MediaWiki\Actions\ActionEntryPoint->execute()
#16 /home/melahi/code/A-mediawiki-project/mediawiki-antiziganism/index.php(58): MediaWiki\MediaWikiEntryPoint->run()
#17 {main}
2025-08-21 10:25:33 melahi-Latitude-7410 my_wiki: [b6263a93f8e0a386035ac591] /index.php/Special:Properties   PHP Deprecated: Use of MediaWiki\Xml\Xml::input was deprecated in MediaWiki 1.42. [Called from MediaWiki\Xml\Xml::inputLabelSep]
#0 [internal function]: MediaWiki\Exception\MWExceptionHandler::handleError()
#1 /home/melahi/code/A-mediawiki-project/mediawiki-antiziganism/includes/debug/MWDebug.php(386): trigger_error()
#2 /home/melahi/code/A-mediawiki-project/mediawiki-antiziganism/includes/debug/MWDebug.php(357): MediaWiki\Debug\MWDebug::sendRawDeprecated()
#3 /home/melahi/code/A-mediawiki-project/mediawiki-antiziganism/includes/debug/MWDebug.php(238): MediaWiki\Debug\MWDebug::deprecatedMsg()
#4 /home/melahi/code/A-mediawiki-project/mediawiki-antiziganism/includes/GlobalFunctions.php(787): MediaWiki\Debug\MWDebug::deprecated()
#5 /home/melahi/code/A-mediawiki-project/mediawiki-antiziganism/includes/xml/Xml.php(311): wfDeprecated()
#6 /home/melahi/code/A-mediawiki-project/mediawiki-antiziganism/includes/xml/Xml.php(464): MediaWiki\Xml\Xml::input()
#7 /home/melahi/code/A-mediawiki-project/mediawiki-antiziganism/includes/xml/Xml.php(440): MediaWiki\Xml\Xml::inputLabelSep()
#8 /home/melahi/code/A-mediawiki-project/mediawiki-antiziganism/extensions/SemanticMediaWiki/includes/querypages/QueryPage.php(153): MediaWiki\Xml\Xml::inputLabel()
#9 /home/melahi/code/A-mediawiki-project/mediawiki-antiziganism/extensions/SemanticMediaWiki/includes/querypages/PropertiesQueryPage.php(73): SMW\QueryPage->getSearchForm()
#10 /home/melahi/code/A-mediawiki-project/mediawiki-antiziganism/extensions/SemanticMediaWiki/includes/querypages/QueryPage.php(216): SMW\PropertiesQueryPage->getPageHeader()
#11 /home/melahi/code/A-mediawiki-project/mediawiki-antiziganism/extensions/SemanticMediaWiki/includes/specials/SpecialProperties.php(48): SMW\QueryPage->doQuery()
#12 /home/melahi/code/A-mediawiki-project/mediawiki-antiziganism/includes/specialpage/SpecialPage.php(725): SMW\SpecialProperties->execute()
#13 /home/melahi/code/A-mediawiki-project/mediawiki-antiziganism/includes/specialpage/SpecialPageFactory.php(1732): MediaWiki\SpecialPage\SpecialPage->run()
#14 /home/melahi/code/A-mediawiki-project/mediawiki-antiziganism/includes/actions/ActionEntryPoint.php(499): MediaWiki\SpecialPage\SpecialPageFactory->executePath()
#15 /home/melahi/code/A-mediawiki-project/mediawiki-antiziganism/includes/actions/ActionEntryPoint.php(143): MediaWiki\Actions\ActionEntryPoint->performRequest()
#16 /home/melahi/code/A-mediawiki-project/mediawiki-antiziganism/includes/MediaWikiEntryPoint.php(198): MediaWiki\Actions\ActionEntryPoint->execute()
#17 /home/melahi/code/A-mediawiki-project/mediawiki-antiziganism/index.php(58): MediaWiki\MediaWikiEntryPoint->run()
#18 {main}
2025-08-21 10:25:33 melahi-Latitude-7410 my_wiki: [b6263a93f8e0a386035ac591] /index.php/Special:Properties   PHP Deprecated: Use of MediaWiki\Xml\Xml::submitButton was deprecated in MediaWiki 1.42. [Called from SMW\QueryPage::getSearchForm]
#0 [internal function]: MediaWiki\Exception\MWExceptionHandler::handleError()
#1 /home/melahi/code/A-mediawiki-project/mediawiki-antiziganism/includes/debug/MWDebug.php(386): trigger_error()
#2 /home/melahi/code/A-mediawiki-project/mediawiki-antiziganism/includes/debug/MWDebug.php(357): MediaWiki\Debug\MWDebug::sendRawDeprecated()
#3 /home/melahi/code/A-mediawiki-project/mediawiki-antiziganism/includes/debug/MWDebug.php(238): MediaWiki\Debug\MWDebug::deprecatedMsg()
#4 /home/melahi/code/A-mediawiki-project/mediawiki-antiziganism/includes/GlobalFunctions.php(787): MediaWiki\Debug\MWDebug::deprecated()
#5 /home/melahi/code/A-mediawiki-project/mediawiki-antiziganism/includes/xml/Xml.php(521): wfDeprecated()
#6 /home/melahi/code/A-mediawiki-project/mediawiki-antiziganism/extensions/SemanticMediaWiki/includes/querypages/QueryPage.php(154): MediaWiki\Xml\Xml::submitButton()
#7 /home/melahi/code/A-mediawiki-project/mediawiki-antiziganism/extensions/SemanticMediaWiki/includes/querypages/PropertiesQueryPage.php(73): SMW\QueryPage->getSearchForm()
#8 /home/melahi/code/A-mediawiki-project/mediawiki-antiziganism/extensions/SemanticMediaWiki/includes/querypages/QueryPage.php(216): SMW\PropertiesQueryPage->getPageHeader()
#9 /home/melahi/code/A-mediawiki-project/mediawiki-antiziganism/extensions/SemanticMediaWiki/includes/specials/SpecialProperties.php(48): SMW\QueryPage->doQuery()
#10 /home/melahi/code/A-mediawiki-project/mediawiki-antiziganism/includes/specialpage/SpecialPage.php(725): SMW\SpecialProperties->execute()
#11 /home/melahi/code/A-mediawiki-project/mediawiki-antiziganism/includes/specialpage/SpecialPageFactory.php(1732): MediaWiki\SpecialPage\SpecialPage->run()
#12 /home/melahi/code/A-mediawiki-project/mediawiki-antiziganism/includes/actions/ActionEntryPoint.php(499): MediaWiki\SpecialPage\SpecialPageFactory->executePath()
#13 /home/melahi/code/A-mediawiki-project/mediawiki-antiziganism/includes/actions/ActionEntryPoint.php(143): MediaWiki\Actions\ActionEntryPoint->performRequest()
#14 /home/melahi/code/A-mediawiki-project/mediawiki-antiziganism/includes/MediaWikiEntryPoint.php(198): MediaWiki\Actions\ActionEntryPoint->execute()
#15 /home/melahi/code/A-mediawiki-project/mediawiki-antiziganism/index.php(58): MediaWiki\MediaWikiEntryPoint->run()
#16 {main}
2025-08-21 11:03:57 melahi-Latitude-7410 my_wiki: [4b9a1e593ed098a60d613c4e] /api.php   TypeError: MediaWiki\Content\JsonContentHandler::__construct(): Argument #2 ($parsoidParserFactory) must be of type ?MediaWiki\Parser\Parsoid\ParsoidParserFactory, array given, called in /home/melahi/code/A-mediawiki-project/mediawiki-antiziganism/extensions/SemanticMediaWiki/src/MediaWiki/Content/SchemaContentHandler.php on line 29
#0 /home/melahi/code/A-mediawiki-project/mediawiki-antiziganism/extensions/SemanticMediaWiki/src/MediaWiki/Content/SchemaContentHandler.php(29): MediaWiki\Content\JsonContentHandler->__construct()
#1 /home/melahi/code/A-mediawiki-project/mediawiki-antiziganism/vendor/wikimedia/object-factory/src/ObjectFactory.php(240): SMW\MediaWiki\Content\SchemaContentHandler->__construct()
#2 /home/melahi/code/A-mediawiki-project/mediawiki-antiziganism/vendor/wikimedia/object-factory/src/ObjectFactory.php(149): Wikimedia\ObjectFactory\ObjectFactory::getObjectFromSpec()
#3 /home/melahi/code/A-mediawiki-project/mediawiki-antiziganism/includes/content/ContentHandlerFactory.php(217): Wikimedia\ObjectFactory\ObjectFactory->createObject()
#4 /home/melahi/code/A-mediawiki-project/mediawiki-antiziganism/includes/content/ContentHandlerFactory.php(167): MediaWiki\Content\ContentHandlerFactory->createContentHandlerFromHandlerSpec()
#5 /home/melahi/code/A-mediawiki-project/mediawiki-antiziganism/includes/content/ContentHandlerFactory.php(87): MediaWiki\Content\ContentHandlerFactory->createForModelID()
#6 /home/melahi/code/A-mediawiki-project/mediawiki-antiziganism/includes/content/ContentHandlerFactory.php(143): MediaWiki\Content\ContentHandlerFactory->getContentHandler()
#7 /home/melahi/code/A-mediawiki-project/mediawiki-antiziganism/includes/api/ApiStashEdit.php(252): MediaWiki\Content\ContentHandlerFactory->getAllContentFormats()
#8 /home/melahi/code/A-mediawiki-project/mediawiki-antiziganism/includes/api/ApiBase.php(1911): MediaWiki\Api\ApiStashEdit->getAllowedParams()
#9 /home/melahi/code/A-mediawiki-project/mediawiki-antiziganism/includes/api/ApiBase.php(851): MediaWiki\Api\ApiBase->getFinalParams()
#10 /home/melahi/code/A-mediawiki-project/mediawiki-antiziganism/includes/api/ApiMain.php(1607): MediaWiki\Api\ApiBase->extractRequestParams()
#11 /home/melahi/code/A-mediawiki-project/mediawiki-antiziganism/includes/api/ApiMain.php(2007): MediaWiki\Api\ApiMain->setupModule()
#12 /home/melahi/code/A-mediawiki-project/mediawiki-antiziganism/includes/api/ApiMain.php(955): MediaWiki\Api\ApiMain->executeAction()
#13 /home/melahi/code/A-mediawiki-project/mediawiki-antiziganism/includes/api/ApiMain.php(926): MediaWiki\Api\ApiMain->executeActionWithErrorHandling()
#14 /home/melahi/code/A-mediawiki-project/mediawiki-antiziganism/includes/api/ApiEntryPoint.php(152): MediaWiki\Api\ApiMain->execute()
#15 /home/melahi/code/A-mediawiki-project/mediawiki-antiziganism/includes/MediaWikiEntryPoint.php(198): MediaWiki\Api\ApiEntryPoint->execute()
#16 /home/melahi/code/A-mediawiki-project/mediawiki-antiziganism/api.php(44): MediaWiki\MediaWikiEntryPoint->run()
#17 {main}
2025-08-21 11:04:26 melahi-Latitude-7410 my_wiki: [26be3b512569ebed96b66d10] /api.php   TypeError: MediaWiki\Content\JsonContentHandler::__construct(): Argument #2 ($parsoidParserFactory) must be of type ?MediaWiki\Parser\Parsoid\ParsoidParserFactory, array given, called in /home/melahi/code/A-mediawiki-project/mediawiki-antiziganism/extensions/SemanticMediaWiki/src/MediaWiki/Content/SchemaContentHandler.php on line 29
#0 /home/melahi/code/A-mediawiki-project/mediawiki-antiziganism/extensions/SemanticMediaWiki/src/MediaWiki/Content/SchemaContentHandler.php(29): MediaWiki\Content\JsonContentHandler->__construct()
#1 /home/melahi/code/A-mediawiki-project/mediawiki-antiziganism/vendor/wikimedia/object-factory/src/ObjectFactory.php(240): SMW\MediaWiki\Content\SchemaContentHandler->__construct()
#2 /home/melahi/code/A-mediawiki-project/mediawiki-antiziganism/vendor/wikimedia/object-factory/src/ObjectFactory.php(149): Wikimedia\ObjectFactory\ObjectFactory::getObjectFromSpec()
#3 /home/melahi/code/A-mediawiki-project/mediawiki-antiziganism/includes/content/ContentHandlerFactory.php(217): Wikimedia\ObjectFactory\ObjectFactory->createObject()
#4 /home/melahi/code/A-mediawiki-project/mediawiki-antiziganism/includes/content/ContentHandlerFactory.php(167): MediaWiki\Content\ContentHandlerFactory->createContentHandlerFromHandlerSpec()
#5 /home/melahi/code/A-mediawiki-project/mediawiki-antiziganism/includes/content/ContentHandlerFactory.php(87): MediaWiki\Content\ContentHandlerFactory->createForModelID()
#6 /home/melahi/code/A-mediawiki-project/mediawiki-antiziganism/includes/content/ContentHandlerFactory.php(143): MediaWiki\Content\ContentHandlerFactory->getContentHandler()
#7 /home/melahi/code/A-mediawiki-project/mediawiki-antiziganism/includes/api/ApiStashEdit.php(252): MediaWiki\Content\ContentHandlerFactory->getAllContentFormats()
#8 /home/melahi/code/A-mediawiki-project/mediawiki-antiziganism/includes/api/ApiBase.php(1911): MediaWiki\Api\ApiStashEdit->getAllowedParams()
#9 /home/melahi/code/A-mediawiki-project/mediawiki-antiziganism/includes/api/ApiBase.php(851): MediaWiki\Api\ApiBase->getFinalParams()
#10 /home/melahi/code/A-mediawiki-project/mediawiki-antiziganism/includes/api/ApiMain.php(1607): MediaWiki\Api\ApiBase->extractRequestParams()
#11 /home/melahi/code/A-mediawiki-project/mediawiki-antiziganism/includes/api/ApiMain.php(2007): MediaWiki\Api\ApiMain->setupModule()
#12 /home/melahi/code/A-mediawiki-project/mediawiki-antiziganism/includes/api/ApiMain.php(955): MediaWiki\Api\ApiMain->executeAction()
#13 /home/melahi/code/A-mediawiki-project/mediawiki-antiziganism/includes/api/ApiMain.php(926): MediaWiki\Api\ApiMain->executeActionWithErrorHandling()
#14 /home/melahi/code/A-mediawiki-project/mediawiki-antiziganism/includes/api/ApiEntryPoint.php(152): MediaWiki\Api\ApiMain->execute()
#15 /home/melahi/code/A-mediawiki-project/mediawiki-antiziganism/includes/MediaWikiEntryPoint.php(198): MediaWiki\Api\ApiEntryPoint->execute()
#16 /home/melahi/code/A-mediawiki-project/mediawiki-antiziganism/api.php(44): MediaWiki\MediaWikiEntryPoint->run()
#17 {main}
2025-08-21 11:19:04 melahi-Latitude-7410 my_wiki: [3ead2590264e64db6e72b0cb] /api.php   TypeError: MediaWiki\Content\JsonContentHandler::__construct(): Argument #2 ($parsoidParserFactory) must be of type ?MediaWiki\Parser\Parsoid\ParsoidParserFactory, array given, called in /home/melahi/code/A-mediawiki-project/mediawiki-antiziganism/extensions/SemanticMediaWiki/src/MediaWiki/Content/SchemaContentHandler.php on line 29
#0 /home/melahi/code/A-mediawiki-project/mediawiki-antiziganism/extensions/SemanticMediaWiki/src/MediaWiki/Content/SchemaContentHandler.php(29): MediaWiki\Content\JsonContentHandler->__construct()
#1 /home/melahi/code/A-mediawiki-project/mediawiki-antiziganism/vendor/wikimedia/object-factory/src/ObjectFactory.php(240): SMW\MediaWiki\Content\SchemaContentHandler->__construct()
#2 /home/melahi/code/A-mediawiki-project/mediawiki-antiziganism/vendor/wikimedia/object-factory/src/ObjectFactory.php(149): Wikimedia\ObjectFactory\ObjectFactory::getObjectFromSpec()
#3 /home/melahi/code/A-mediawiki-project/mediawiki-antiziganism/includes/content/ContentHandlerFactory.php(217): Wikimedia\ObjectFactory\ObjectFactory->createObject()
#4 /home/melahi/code/A-mediawiki-project/mediawiki-antiziganism/includes/content/ContentHandlerFactory.php(167): MediaWiki\Content\ContentHandlerFactory->createContentHandlerFromHandlerSpec()
#5 /home/melahi/code/A-mediawiki-project/mediawiki-antiziganism/includes/content/ContentHandlerFactory.php(87): MediaWiki\Content\ContentHandlerFactory->createForModelID()
#6 /home/melahi/code/A-mediawiki-project/mediawiki-antiziganism/includes/content/ContentHandlerFactory.php(143): MediaWiki\Content\ContentHandlerFactory->getContentHandler()
#7 /home/melahi/code/A-mediawiki-project/mediawiki-antiziganism/includes/api/ApiStashEdit.php(252): MediaWiki\Content\ContentHandlerFactory->getAllContentFormats()
#8 /home/melahi/code/A-mediawiki-project/mediawiki-antiziganism/includes/api/ApiBase.php(1911): MediaWiki\Api\ApiStashEdit->getAllowedParams()
#9 /home/melahi/code/A-mediawiki-project/mediawiki-antiziganism/includes/api/ApiBase.php(851): MediaWiki\Api\ApiBase->getFinalParams()
#10 /home/melahi/code/A-mediawiki-project/mediawiki-antiziganism/includes/api/ApiMain.php(1607): MediaWiki\Api\ApiBase->extractRequestParams()
#11 /home/melahi/code/A-mediawiki-project/mediawiki-antiziganism/includes/api/ApiMain.php(2007): MediaWiki\Api\ApiMain->setupModule()
#12 /home/melahi/code/A-mediawiki-project/mediawiki-antiziganism/includes/api/ApiMain.php(955): MediaWiki\Api\ApiMain->executeAction()
#13 /home/melahi/code/A-mediawiki-project/mediawiki-antiziganism/includes/api/ApiMain.php(926): MediaWiki\Api\ApiMain->executeActionWithErrorHandling()
#14 /home/melahi/code/A-mediawiki-project/mediawiki-antiziganism/includes/api/ApiEntryPoint.php(152): MediaWiki\Api\ApiMain->execute()
#15 /home/melahi/code/A-mediawiki-project/mediawiki-antiziganism/includes/MediaWikiEntryPoint.php(198): MediaWiki\Api\ApiEntryPoint->execute()
#16 /home/melahi/code/A-mediawiki-project/mediawiki-antiziganism/api.php(44): MediaWiki\MediaWikiEntryPoint->run()
#17 {main}
2025-08-21 11:55:59 melahi-Latitude-7410 my_wiki: [74d6e5926e52631dbb44e55a] /index.php/Special:Properties   PHP Deprecated: Use of MediaWiki\Xml\Xml::inputLabel was deprecated in MediaWiki 1.42. [Called from SMW\QueryPage::getSearchForm]
#0 [internal function]: MediaWiki\Exception\MWExceptionHandler::handleError()
#1 /home/melahi/code/A-mediawiki-project/mediawiki-antiziganism/includes/debug/MWDebug.php(386): trigger_error()
#2 /home/melahi/code/A-mediawiki-project/mediawiki-antiziganism/includes/debug/MWDebug.php(357): MediaWiki\Debug\MWDebug::sendRawDeprecated()
#3 /home/melahi/code/A-mediawiki-project/mediawiki-antiziganism/includes/debug/MWDebug.php(238): MediaWiki\Debug\MWDebug::deprecatedMsg()
#4 /home/melahi/code/A-mediawiki-project/mediawiki-antiziganism/includes/GlobalFunctions.php(787): MediaWiki\Debug\MWDebug::deprecated()
#5 /home/melahi/code/A-mediawiki-project/mediawiki-antiziganism/includes/xml/Xml.php(438): wfDeprecated()
#6 /home/melahi/code/A-mediawiki-project/mediawiki-antiziganism/extensions/SemanticMediaWiki/includes/querypages/QueryPage.php(153): MediaWiki\Xml\Xml::inputLabel()
#7 /home/melahi/code/A-mediawiki-project/mediawiki-antiziganism/extensions/SemanticMediaWiki/includes/querypages/PropertiesQueryPage.php(73): SMW\QueryPage->getSearchForm()
#8 /home/melahi/code/A-mediawiki-project/mediawiki-antiziganism/extensions/SemanticMediaWiki/includes/querypages/QueryPage.php(216): SMW\PropertiesQueryPage->getPageHeader()
#9 /home/melahi/code/A-mediawiki-project/mediawiki-antiziganism/extensions/SemanticMediaWiki/includes/specials/SpecialProperties.php(48): SMW\QueryPage->doQuery()
#10 /home/melahi/code/A-mediawiki-project/mediawiki-antiziganism/includes/specialpage/SpecialPage.php(725): SMW\SpecialProperties->execute()
#11 /home/melahi/code/A-mediawiki-project/mediawiki-antiziganism/includes/specialpage/SpecialPageFactory.php(1732): MediaWiki\SpecialPage\SpecialPage->run()
#12 /home/melahi/code/A-mediawiki-project/mediawiki-antiziganism/includes/actions/ActionEntryPoint.php(499): MediaWiki\SpecialPage\SpecialPageFactory->executePath()
#13 /home/melahi/code/A-mediawiki-project/mediawiki-antiziganism/includes/actions/ActionEntryPoint.php(143): MediaWiki\Actions\ActionEntryPoint->performRequest()
#14 /home/melahi/code/A-mediawiki-project/mediawiki-antiziganism/includes/MediaWikiEntryPoint.php(198): MediaWiki\Actions\ActionEntryPoint->execute()
#15 /home/melahi/code/A-mediawiki-project/mediawiki-antiziganism/index.php(58): MediaWiki\MediaWikiEntryPoint->run()
#16 {main}
2025-08-21 11:55:59 melahi-Latitude-7410 my_wiki: [74d6e5926e52631dbb44e55a] /index.php/Special:Properties   PHP Deprecated: Use of MediaWiki\Xml\Xml::inputLabelSep was deprecated in MediaWiki 1.42. [Called from MediaWiki\Xml\Xml::inputLabel]
#0 [internal function]: MediaWiki\Exception\MWExceptionHandler::handleError()
#1 /home/melahi/code/A-mediawiki-project/mediawiki-antiziganism/includes/debug/MWDebug.php(386): trigger_error()
#2 /home/melahi/code/A-mediawiki-project/mediawiki-antiziganism/includes/debug/MWDebug.php(357): MediaWiki\Debug\MWDebug::sendRawDeprecated()
#3 /home/melahi/code/A-mediawiki-project/mediawiki-antiziganism/includes/debug/MWDebug.php(238): MediaWiki\Debug\MWDebug::deprecatedMsg()
#4 /home/melahi/code/A-mediawiki-project/mediawiki-antiziganism/includes/GlobalFunctions.php(787): MediaWiki\Debug\MWDebug::deprecated()
#5 /home/melahi/code/A-mediawiki-project/mediawiki-antiziganism/includes/xml/Xml.php(460): wfDeprecated()
#6 /home/melahi/code/A-mediawiki-project/mediawiki-antiziganism/includes/xml/Xml.php(440): MediaWiki\Xml\Xml::inputLabelSep()
#7 /home/melahi/code/A-mediawiki-project/mediawiki-antiziganism/extensions/SemanticMediaWiki/includes/querypages/QueryPage.php(153): MediaWiki\Xml\Xml::inputLabel()
#8 /home/melahi/code/A-mediawiki-project/mediawiki-antiziganism/extensions/SemanticMediaWiki/includes/querypages/PropertiesQueryPage.php(73): SMW\QueryPage->getSearchForm()
#9 /home/melahi/code/A-mediawiki-project/mediawiki-antiziganism/extensions/SemanticMediaWiki/includes/querypages/QueryPage.php(216): SMW\PropertiesQueryPage->getPageHeader()
#10 /home/melahi/code/A-mediawiki-project/mediawiki-antiziganism/extensions/SemanticMediaWiki/includes/specials/SpecialProperties.php(48): SMW\QueryPage->doQuery()
#11 /home/melahi/code/A-mediawiki-project/mediawiki-antiziganism/includes/specialpage/SpecialPage.php(725): SMW\SpecialProperties->execute()
#12 /home/melahi/code/A-mediawiki-project/mediawiki-antiziganism/includes/specialpage/SpecialPageFactory.php(1732): MediaWiki\SpecialPage\SpecialPage->run()
#13 /home/melahi/code/A-mediawiki-project/mediawiki-antiziganism/includes/actions/ActionEntryPoint.php(499): MediaWiki\SpecialPage\SpecialPageFactory->executePath()
#14 /home/melahi/code/A-mediawiki-project/mediawiki-antiziganism/includes/actions/ActionEntryPoint.php(143): MediaWiki\Actions\ActionEntryPoint->performRequest()
#15 /home/melahi/code/A-mediawiki-project/mediawiki-antiziganism/includes/MediaWikiEntryPoint.php(198): MediaWiki\Actions\ActionEntryPoint->execute()
#16 /home/melahi/code/A-mediawiki-project/mediawiki-antiziganism/index.php(58): MediaWiki\MediaWikiEntryPoint->run()
#17 {main}
2025-08-21 11:55:59 melahi-Latitude-7410 my_wiki: [74d6e5926e52631dbb44e55a] /index.php/Special:Properties   PHP Deprecated: Use of MediaWiki\Xml\Xml::input was deprecated in MediaWiki 1.42. [Called from MediaWiki\Xml\Xml::inputLabelSep]
#0 [internal function]: MediaWiki\Exception\MWExceptionHandler::handleError()
#1 /home/melahi/code/A-mediawiki-project/mediawiki-antiziganism/includes/debug/MWDebug.php(386): trigger_error()
#2 /home/melahi/code/A-mediawiki-project/mediawiki-antiziganism/includes/debug/MWDebug.php(357): MediaWiki\Debug\MWDebug::sendRawDeprecated()
#3 /home/melahi/code/A-mediawiki-project/mediawiki-antiziganism/includes/debug/MWDebug.php(238): MediaWiki\Debug\MWDebug::deprecatedMsg()
#4 /home/melahi/code/A-mediawiki-project/mediawiki-antiziganism/includes/GlobalFunctions.php(787): MediaWiki\Debug\MWDebug::deprecated()
#5 /home/melahi/code/A-mediawiki-project/mediawiki-antiziganism/includes/xml/Xml.php(311): wfDeprecated()
#6 /home/melahi/code/A-mediawiki-project/mediawiki-antiziganism/includes/xml/Xml.php(464): MediaWiki\Xml\Xml::input()
#7 /home/melahi/code/A-mediawiki-project/mediawiki-antiziganism/includes/xml/Xml.php(440): MediaWiki\Xml\Xml::inputLabelSep()
#8 /home/melahi/code/A-mediawiki-project/mediawiki-antiziganism/extensions/SemanticMediaWiki/includes/querypages/QueryPage.php(153): MediaWiki\Xml\Xml::inputLabel()
#9 /home/melahi/code/A-mediawiki-project/mediawiki-antiziganism/extensions/SemanticMediaWiki/includes/querypages/PropertiesQueryPage.php(73): SMW\QueryPage->getSearchForm()
#10 /home/melahi/code/A-mediawiki-project/mediawiki-antiziganism/extensions/SemanticMediaWiki/includes/querypages/QueryPage.php(216): SMW\PropertiesQueryPage->getPageHeader()
#11 /home/melahi/code/A-mediawiki-project/mediawiki-antiziganism/extensions/SemanticMediaWiki/includes/specials/SpecialProperties.php(48): SMW\QueryPage->doQuery()
#12 /home/melahi/code/A-mediawiki-project/mediawiki-antiziganism/includes/specialpage/SpecialPage.php(725): SMW\SpecialProperties->execute()
#13 /home/melahi/code/A-mediawiki-project/mediawiki-antiziganism/includes/specialpage/SpecialPageFactory.php(1732): MediaWiki\SpecialPage\SpecialPage->run()
#14 /home/melahi/code/A-mediawiki-project/mediawiki-antiziganism/includes/actions/ActionEntryPoint.php(499): MediaWiki\SpecialPage\SpecialPageFactory->executePath()
#15 /home/melahi/code/A-mediawiki-project/mediawiki-antiziganism/includes/actions/ActionEntryPoint.php(143): MediaWiki\Actions\ActionEntryPoint->performRequest()
#16 /home/melahi/code/A-mediawiki-project/mediawiki-antiziganism/includes/MediaWikiEntryPoint.php(198): MediaWiki\Actions\ActionEntryPoint->execute()
#17 /home/melahi/code/A-mediawiki-project/mediawiki-antiziganism/index.php(58): MediaWiki\MediaWikiEntryPoint->run()
#18 {main}
2025-08-21 11:55:59 melahi-Latitude-7410 my_wiki: [74d6e5926e52631dbb44e55a] /index.php/Special:Properties   PHP Deprecated: Use of MediaWiki\Xml\Xml::submitButton was deprecated in MediaWiki 1.42. [Called from SMW\QueryPage::getSearchForm]
#0 [internal function]: MediaWiki\Exception\MWExceptionHandler::handleError()
#1 /home/melahi/code/A-mediawiki-project/mediawiki-antiziganism/includes/debug/MWDebug.php(386): trigger_error()
#2 /home/melahi/code/A-mediawiki-project/mediawiki-antiziganism/includes/debug/MWDebug.php(357): MediaWiki\Debug\MWDebug::sendRawDeprecated()
#3 /home/melahi/code/A-mediawiki-project/mediawiki-antiziganism/includes/debug/MWDebug.php(238): MediaWiki\Debug\MWDebug::deprecatedMsg()
#4 /home/melahi/code/A-mediawiki-project/mediawiki-antiziganism/includes/GlobalFunctions.php(787): MediaWiki\Debug\MWDebug::deprecated()
#5 /home/melahi/code/A-mediawiki-project/mediawiki-antiziganism/includes/xml/Xml.php(521): wfDeprecated()
#6 /home/melahi/code/A-mediawiki-project/mediawiki-antiziganism/extensions/SemanticMediaWiki/includes/querypages/QueryPage.php(154): MediaWiki\Xml\Xml::submitButton()
#7 /home/melahi/code/A-mediawiki-project/mediawiki-antiziganism/extensions/SemanticMediaWiki/includes/querypages/PropertiesQueryPage.php(73): SMW\QueryPage->getSearchForm()
#8 /home/melahi/code/A-mediawiki-project/mediawiki-antiziganism/extensions/SemanticMediaWiki/includes/querypages/QueryPage.php(216): SMW\PropertiesQueryPage->getPageHeader()
#9 /home/melahi/code/A-mediawiki-project/mediawiki-antiziganism/extensions/SemanticMediaWiki/includes/specials/SpecialProperties.php(48): SMW\QueryPage->doQuery()
#10 /home/melahi/code/A-mediawiki-project/mediawiki-antiziganism/includes/specialpage/SpecialPage.php(725): SMW\SpecialProperties->execute()
#11 /home/melahi/code/A-mediawiki-project/mediawiki-antiziganism/includes/specialpage/SpecialPageFactory.php(1732): MediaWiki\SpecialPage\SpecialPage->run()
#12 /home/melahi/code/A-mediawiki-project/mediawiki-antiziganism/includes/actions/ActionEntryPoint.php(499): MediaWiki\SpecialPage\SpecialPageFactory->executePath()
#13 /home/melahi/code/A-mediawiki-project/mediawiki-antiziganism/includes/actions/ActionEntryPoint.php(143): MediaWiki\Actions\ActionEntryPoint->performRequest()
#14 /home/melahi/code/A-mediawiki-project/mediawiki-antiziganism/includes/MediaWikiEntryPoint.php(198): MediaWiki\Actions\ActionEntryPoint->execute()
#15 /home/melahi/code/A-mediawiki-project/mediawiki-antiziganism/index.php(58): MediaWiki\MediaWikiEntryPoint->run()
#16 {main}
2025-08-21 11:56:31 melahi-Latitude-7410 my_wiki: [5ee27b6047157cd1f13eb70e] /index.php/Special:Ask   PHP Deprecated: Use of MediaWiki\Xml\Xml::check was deprecated in MediaWiki 1.42. [Called from SMW\MediaWiki\Specials\Ask\ParameterInput::getBooleanInput]
#0 [internal function]: MediaWiki\Exception\MWExceptionHandler::handleError()
#1 /home/melahi/code/A-mediawiki-project/mediawiki-antiziganism/includes/debug/MWDebug.php(386): trigger_error()
#2 /home/melahi/code/A-mediawiki-project/mediawiki-antiziganism/includes/debug/MWDebug.php(357): MediaWiki\Debug\MWDebug::sendRawDeprecated()
#3 /home/melahi/code/A-mediawiki-project/mediawiki-antiziganism/includes/debug/MWDebug.php(238): MediaWiki\Debug\MWDebug::deprecatedMsg()
#4 /home/melahi/code/A-mediawiki-project/mediawiki-antiziganism/includes/GlobalFunctions.php(787): MediaWiki\Debug\MWDebug::deprecated()
#5 /home/melahi/code/A-mediawiki-project/mediawiki-antiziganism/includes/xml/Xml.php(369): wfDeprecated()
#6 /home/melahi/code/A-mediawiki-project/mediawiki-antiziganism/extensions/SemanticMediaWiki/src/MediaWiki/Specials/Ask/ParameterInput.php(228): MediaWiki\Xml\Xml::check()
#7 /home/melahi/code/A-mediawiki-project/mediawiki-antiziganism/extensions/SemanticMediaWiki/src/MediaWiki/Specials/Ask/ParameterInput.php(123): SMW\MediaWiki\Specials\Ask\ParameterInput->getBooleanInput()
#8 /home/melahi/code/A-mediawiki-project/mediawiki-antiziganism/extensions/SemanticMediaWiki/src/MediaWiki/Specials/Ask/ParametersWidget.php(345): SMW\MediaWiki\Specials\Ask\ParameterInput->getHtml()
#9 /home/melahi/code/A-mediawiki-project/mediawiki-antiziganism/extensions/SemanticMediaWiki/src/MediaWiki/Specials/Ask/ParametersWidget.php(251): SMW\MediaWiki\Specials\Ask\ParametersWidget::input()
#10 /home/melahi/code/A-mediawiki-project/mediawiki-antiziganism/extensions/SemanticMediaWiki/src/MediaWiki/Specials/Ask/ParametersWidget.php(143): SMW\MediaWiki\Specials\Ask\ParametersWidget::optionList()
#11 /home/melahi/code/A-mediawiki-project/mediawiki-antiziganism/extensions/SemanticMediaWiki/src/MediaWiki/Specials/Ask/ParametersWidget.php(106): SMW\MediaWiki\Specials\Ask\ParametersWidget::parameterList()
#12 /home/melahi/code/A-mediawiki-project/mediawiki-antiziganism/extensions/SemanticMediaWiki/src/MediaWiki/Specials/Ask/HtmlForm.php(367): SMW\MediaWiki\Specials\Ask\ParametersWidget::fieldset()
#13 /home/melahi/code/A-mediawiki-project/mediawiki-antiziganism/extensions/SemanticMediaWiki/src/MediaWiki/Specials/Ask/HtmlForm.php(198): SMW\MediaWiki\Specials\Ask\HtmlForm->editElements()
#14 /home/melahi/code/A-mediawiki-project/mediawiki-antiziganism/extensions/SemanticMediaWiki/src/MediaWiki/Specials/Ask/HtmlForm.php(142): SMW\MediaWiki\Specials\Ask\HtmlForm->buildHTML()
#15 /home/melahi/code/A-mediawiki-project/mediawiki-antiziganism/extensions/SemanticMediaWiki/src/MediaWiki/Specials/SpecialAsk.php(392): SMW\MediaWiki\Specials\Ask\HtmlForm->getForm()
#16 /home/melahi/code/A-mediawiki-project/mediawiki-antiziganism/extensions/SemanticMediaWiki/src/MediaWiki/Specials/SpecialAsk.php(167): SMW\MediaWiki\Specials\SpecialAsk->makeHTMLResult()
#17 /home/melahi/code/A-mediawiki-project/mediawiki-antiziganism/includes/specialpage/SpecialPage.php(725): SMW\MediaWiki\Specials\SpecialAsk->execute()
#18 /home/melahi/code/A-mediawiki-project/mediawiki-antiziganism/includes/specialpage/SpecialPageFactory.php(1732): MediaWiki\SpecialPage\SpecialPage->run()
#19 /home/melahi/code/A-mediawiki-project/mediawiki-antiziganism/includes/actions/ActionEntryPoint.php(499): MediaWiki\SpecialPage\SpecialPageFactory->executePath()
#20 /home/melahi/code/A-mediawiki-project/mediawiki-antiziganism/includes/actions/ActionEntryPoint.php(143): MediaWiki\Actions\ActionEntryPoint->performRequest()
#21 /home/melahi/code/A-mediawiki-project/mediawiki-antiziganism/includes/MediaWikiEntryPoint.php(198): MediaWiki\Actions\ActionEntryPoint->execute()
#22 /home/melahi/code/A-mediawiki-project/mediawiki-antiziganism/index.php(58): MediaWiki\MediaWikiEntryPoint->run()
#23 {main}
2025-08-29 15:20:33 melahi-Latitude-7410 my_wiki: [8710e7d440f9421b58061cc1] /api.php   TypeError: MediaWiki\Content\JsonContentHandler::__construct(): Argument #2 ($parsoidParserFactory) must be of type ?MediaWiki\Parser\Parsoid\ParsoidParserFactory, array given, called in /home/melahi/code/A-mediawiki-project/mediawiki-antiziganism/extensions/SemanticMediaWiki/src/MediaWiki/Content/SchemaContentHandler.php on line 29
#0 /home/melahi/code/A-mediawiki-project/mediawiki-antiziganism/extensions/SemanticMediaWiki/src/MediaWiki/Content/SchemaContentHandler.php(29): MediaWiki\Content\JsonContentHandler->__construct()
#1 /home/melahi/code/A-mediawiki-project/mediawiki-antiziganism/vendor/wikimedia/object-factory/src/ObjectFactory.php(240): SMW\MediaWiki\Content\SchemaContentHandler->__construct()
#2 /home/melahi/code/A-mediawiki-project/mediawiki-antiziganism/vendor/wikimedia/object-factory/src/ObjectFactory.php(149): Wikimedia\ObjectFactory\ObjectFactory::getObjectFromSpec()
#3 /home/melahi/code/A-mediawiki-project/mediawiki-antiziganism/includes/content/ContentHandlerFactory.php(217): Wikimedia\ObjectFactory\ObjectFactory->createObject()
#4 /home/melahi/code/A-mediawiki-project/mediawiki-antiziganism/includes/content/ContentHandlerFactory.php(167): MediaWiki\Content\ContentHandlerFactory->createContentHandlerFromHandlerSpec()
#5 /home/melahi/code/A-mediawiki-project/mediawiki-antiziganism/includes/content/ContentHandlerFactory.php(87): MediaWiki\Content\ContentHandlerFactory->createForModelID()
#6 /home/melahi/code/A-mediawiki-project/mediawiki-antiziganism/includes/content/ContentHandlerFactory.php(143): MediaWiki\Content\ContentHandlerFactory->getContentHandler()
#7 /home/melahi/code/A-mediawiki-project/mediawiki-antiziganism/includes/api/ApiStashEdit.php(252): MediaWiki\Content\ContentHandlerFactory->getAllContentFormats()
#8 /home/melahi/code/A-mediawiki-project/mediawiki-antiziganism/includes/api/ApiBase.php(1911): MediaWiki\Api\ApiStashEdit->getAllowedParams()
#9 /home/melahi/code/A-mediawiki-project/mediawiki-antiziganism/includes/api/ApiBase.php(851): MediaWiki\Api\ApiBase->getFinalParams()
#10 /home/melahi/code/A-mediawiki-project/mediawiki-antiziganism/includes/api/ApiMain.php(1607): MediaWiki\Api\ApiBase->extractRequestParams()
#11 /home/melahi/code/A-mediawiki-project/mediawiki-antiziganism/includes/api/ApiMain.php(2007): MediaWiki\Api\ApiMain->setupModule()
#12 /home/melahi/code/A-mediawiki-project/mediawiki-antiziganism/includes/api/ApiMain.php(955): MediaWiki\Api\ApiMain->executeAction()
#13 /home/melahi/code/A-mediawiki-project/mediawiki-antiziganism/includes/api/ApiMain.php(926): MediaWiki\Api\ApiMain->executeActionWithErrorHandling()
#14 /home/melahi/code/A-mediawiki-project/mediawiki-antiziganism/includes/api/ApiEntryPoint.php(152): MediaWiki\Api\ApiMain->execute()
#15 /home/melahi/code/A-mediawiki-project/mediawiki-antiziganism/includes/MediaWikiEntryPoint.php(198): MediaWiki\Api\ApiEntryPoint->execute()
#16 /home/melahi/code/A-mediawiki-project/mediawiki-antiziganism/api.php(44): MediaWiki\MediaWikiEntryPoint->run()
#17 {main}
2025-08-29 15:20:49 melahi-Latitude-7410 my_wiki: [6b1244ac55a9e14d7702052b] /api.php   TypeError: MediaWiki\Content\JsonContentHandler::__construct(): Argument #2 ($parsoidParserFactory) must be of type ?MediaWiki\Parser\Parsoid\ParsoidParserFactory, array given, called in /home/melahi/code/A-mediawiki-project/mediawiki-antiziganism/extensions/SemanticMediaWiki/src/MediaWiki/Content/SchemaContentHandler.php on line 29
#0 /home/melahi/code/A-mediawiki-project/mediawiki-antiziganism/extensions/SemanticMediaWiki/src/MediaWiki/Content/SchemaContentHandler.php(29): MediaWiki\Content\JsonContentHandler->__construct()
#1 /home/melahi/code/A-mediawiki-project/mediawiki-antiziganism/vendor/wikimedia/object-factory/src/ObjectFactory.php(240): SMW\MediaWiki\Content\SchemaContentHandler->__construct()
#2 /home/melahi/code/A-mediawiki-project/mediawiki-antiziganism/vendor/wikimedia/object-factory/src/ObjectFactory.php(149): Wikimedia\ObjectFactory\ObjectFactory::getObjectFromSpec()
#3 /home/melahi/code/A-mediawiki-project/mediawiki-antiziganism/includes/content/ContentHandlerFactory.php(217): Wikimedia\ObjectFactory\ObjectFactory->createObject()
#4 /home/melahi/code/A-mediawiki-project/mediawiki-antiziganism/includes/content/ContentHandlerFactory.php(167): MediaWiki\Content\ContentHandlerFactory->createContentHandlerFromHandlerSpec()
#5 /home/melahi/code/A-mediawiki-project/mediawiki-antiziganism/includes/content/ContentHandlerFactory.php(87): MediaWiki\Content\ContentHandlerFactory->createForModelID()
#6 /home/melahi/code/A-mediawiki-project/mediawiki-antiziganism/includes/content/ContentHandlerFactory.php(143): MediaWiki\Content\ContentHandlerFactory->getContentHandler()
#7 /home/melahi/code/A-mediawiki-project/mediawiki-antiziganism/includes/api/ApiStashEdit.php(252): MediaWiki\Content\ContentHandlerFactory->getAllContentFormats()
#8 /home/melahi/code/A-mediawiki-project/mediawiki-antiziganism/includes/api/ApiBase.php(1911): MediaWiki\Api\ApiStashEdit->getAllowedParams()
#9 /home/melahi/code/A-mediawiki-project/mediawiki-antiziganism/includes/api/ApiBase.php(851): MediaWiki\Api\ApiBase->getFinalParams()
#10 /home/melahi/code/A-mediawiki-project/mediawiki-antiziganism/includes/api/ApiMain.php(1607): MediaWiki\Api\ApiBase->extractRequestParams()
#11 /home/melahi/code/A-mediawiki-project/mediawiki-antiziganism/includes/api/ApiMain.php(2007): MediaWiki\Api\ApiMain->setupModule()
#12 /home/melahi/code/A-mediawiki-project/mediawiki-antiziganism/includes/api/ApiMain.php(955): MediaWiki\Api\ApiMain->executeAction()
#13 /home/melahi/code/A-mediawiki-project/mediawiki-antiziganism/includes/api/ApiMain.php(926): MediaWiki\Api\ApiMain->executeActionWithErrorHandling()
#14 /home/melahi/code/A-mediawiki-project/mediawiki-antiziganism/includes/api/ApiEntryPoint.php(152): MediaWiki\Api\ApiMain->execute()
#15 /home/melahi/code/A-mediawiki-project/mediawiki-antiziganism/includes/MediaWikiEntryPoint.php(198): MediaWiki\Api\ApiEntryPoint->execute()
#16 /home/melahi/code/A-mediawiki-project/mediawiki-antiziganism/api.php(44): MediaWiki\MediaWikiEntryPoint->run()
#17 {main}
2025-08-29 15:42:05 melahi-Latitude-7410 my_wiki: [f47d8da5e7976de72f4dac5b] /api.php   TypeError: MediaWiki\Content\JsonContentHandler::__construct(): Argument #2 ($parsoidParserFactory) must be of type ?MediaWiki\Parser\Parsoid\ParsoidParserFactory, array given, called in /home/melahi/code/A-mediawiki-project/mediawiki-antiziganism/extensions/SemanticMediaWiki/src/MediaWiki/Content/SchemaContentHandler.php on line 29
#0 /home/melahi/code/A-mediawiki-project/mediawiki-antiziganism/extensions/SemanticMediaWiki/src/MediaWiki/Content/SchemaContentHandler.php(29): MediaWiki\Content\JsonContentHandler->__construct()
#1 /home/melahi/code/A-mediawiki-project/mediawiki-antiziganism/vendor/wikimedia/object-factory/src/ObjectFactory.php(240): SMW\MediaWiki\Content\SchemaContentHandler->__construct()
#2 /home/melahi/code/A-mediawiki-project/mediawiki-antiziganism/vendor/wikimedia/object-factory/src/ObjectFactory.php(149): Wikimedia\ObjectFactory\ObjectFactory::getObjectFromSpec()
#3 /home/melahi/code/A-mediawiki-project/mediawiki-antiziganism/includes/content/ContentHandlerFactory.php(217): Wikimedia\ObjectFactory\ObjectFactory->createObject()
#4 /home/melahi/code/A-mediawiki-project/mediawiki-antiziganism/includes/content/ContentHandlerFactory.php(167): MediaWiki\Content\ContentHandlerFactory->createContentHandlerFromHandlerSpec()
#5 /home/melahi/code/A-mediawiki-project/mediawiki-antiziganism/includes/content/ContentHandlerFactory.php(87): MediaWiki\Content\ContentHandlerFactory->createForModelID()
#6 /home/melahi/code/A-mediawiki-project/mediawiki-antiziganism/includes/content/ContentHandlerFactory.php(143): MediaWiki\Content\ContentHandlerFactory->getContentHandler()
#7 /home/melahi/code/A-mediawiki-project/mediawiki-antiziganism/includes/api/ApiStashEdit.php(252): MediaWiki\Content\ContentHandlerFactory->getAllContentFormats()
#8 /home/melahi/code/A-mediawiki-project/mediawiki-antiziganism/includes/api/ApiBase.php(1911): MediaWiki\Api\ApiStashEdit->getAllowedParams()
#9 /home/melahi/code/A-mediawiki-project/mediawiki-antiziganism/includes/api/ApiBase.php(851): MediaWiki\Api\ApiBase->getFinalParams()
#10 /home/melahi/code/A-mediawiki-project/mediawiki-antiziganism/includes/api/ApiMain.php(1607): MediaWiki\Api\ApiBase->extractRequestParams()
#11 /home/melahi/code/A-mediawiki-project/mediawiki-antiziganism/includes/api/ApiMain.php(2007): MediaWiki\Api\ApiMain->setupModule()
#12 /home/melahi/code/A-mediawiki-project/mediawiki-antiziganism/includes/api/ApiMain.php(955): MediaWiki\Api\ApiMain->executeAction()
#13 /home/melahi/code/A-mediawiki-project/mediawiki-antiziganism/includes/api/ApiMain.php(926): MediaWiki\Api\ApiMain->executeActionWithErrorHandling()
#14 /home/melahi/code/A-mediawiki-project/mediawiki-antiziganism/includes/api/ApiEntryPoint.php(152): MediaWiki\Api\ApiMain->execute()
#15 /home/melahi/code/A-mediawiki-project/mediawiki-antiziganism/includes/MediaWikiEntryPoint.php(198): MediaWiki\Api\ApiEntryPoint->execute()
#16 /home/melahi/code/A-mediawiki-project/mediawiki-antiziganism/api.php(44): MediaWiki\MediaWikiEntryPoint->run()
#17 {main}
2025-08-29 15:43:12 melahi-Latitude-7410 my_wiki: [eddadd041ef72eb9c6a33178] /api.php   TypeError: MediaWiki\Content\JsonContentHandler::__construct(): Argument #2 ($parsoidParserFactory) must be of type ?MediaWiki\Parser\Parsoid\ParsoidParserFactory, array given, called in /home/melahi/code/A-mediawiki-project/mediawiki-antiziganism/extensions/SemanticMediaWiki/src/MediaWiki/Content/SchemaContentHandler.php on line 29
#0 /home/melahi/code/A-mediawiki-project/mediawiki-antiziganism/extensions/SemanticMediaWiki/src/MediaWiki/Content/SchemaContentHandler.php(29): MediaWiki\Content\JsonContentHandler->__construct()
#1 /home/melahi/code/A-mediawiki-project/mediawiki-antiziganism/vendor/wikimedia/object-factory/src/ObjectFactory.php(240): SMW\MediaWiki\Content\SchemaContentHandler->__construct()
#2 /home/melahi/code/A-mediawiki-project/mediawiki-antiziganism/vendor/wikimedia/object-factory/src/ObjectFactory.php(149): Wikimedia\ObjectFactory\ObjectFactory::getObjectFromSpec()
#3 /home/melahi/code/A-mediawiki-project/mediawiki-antiziganism/includes/content/ContentHandlerFactory.php(217): Wikimedia\ObjectFactory\ObjectFactory->createObject()
#4 /home/melahi/code/A-mediawiki-project/mediawiki-antiziganism/includes/content/ContentHandlerFactory.php(167): MediaWiki\Content\ContentHandlerFactory->createContentHandlerFromHandlerSpec()
#5 /home/melahi/code/A-mediawiki-project/mediawiki-antiziganism/includes/content/ContentHandlerFactory.php(87): MediaWiki\Content\ContentHandlerFactory->createForModelID()
#6 /home/melahi/code/A-mediawiki-project/mediawiki-antiziganism/includes/content/ContentHandlerFactory.php(143): MediaWiki\Content\ContentHandlerFactory->getContentHandler()
#7 /home/melahi/code/A-mediawiki-project/mediawiki-antiziganism/includes/api/ApiStashEdit.php(252): MediaWiki\Content\ContentHandlerFactory->getAllContentFormats()
#8 /home/melahi/code/A-mediawiki-project/mediawiki-antiziganism/includes/api/ApiBase.php(1911): MediaWiki\Api\ApiStashEdit->getAllowedParams()
#9 /home/melahi/code/A-mediawiki-project/mediawiki-antiziganism/includes/api/ApiBase.php(851): MediaWiki\Api\ApiBase->getFinalParams()
#10 /home/melahi/code/A-mediawiki-project/mediawiki-antiziganism/includes/api/ApiMain.php(1607): MediaWiki\Api\ApiBase->extractRequestParams()
#11 /home/melahi/code/A-mediawiki-project/mediawiki-antiziganism/includes/api/ApiMain.php(2007): MediaWiki\Api\ApiMain->setupModule()
#12 /home/melahi/code/A-mediawiki-project/mediawiki-antiziganism/includes/api/ApiMain.php(955): MediaWiki\Api\ApiMain->executeAction()
#13 /home/melahi/code/A-mediawiki-project/mediawiki-antiziganism/includes/api/ApiMain.php(926): MediaWiki\Api\ApiMain->executeActionWithErrorHandling()
#14 /home/melahi/code/A-mediawiki-project/mediawiki-antiziganism/includes/api/ApiEntryPoint.php(152): MediaWiki\Api\ApiMain->execute()
#15 /home/melahi/code/A-mediawiki-project/mediawiki-antiziganism/includes/MediaWikiEntryPoint.php(198): MediaWiki\Api\ApiEntryPoint->execute()
#16 /home/melahi/code/A-mediawiki-project/mediawiki-antiziganism/api.php(44): MediaWiki\MediaWikiEntryPoint->run()
#17 {main}
2025-08-29 15:44:36 melahi-Latitude-7410 my_wiki: [bbe82ed3edee98237f144012] /api.php   TypeError: MediaWiki\Content\JsonContentHandler::__construct(): Argument #2 ($parsoidParserFactory) must be of type ?MediaWiki\Parser\Parsoid\ParsoidParserFactory, array given, called in /home/melahi/code/A-mediawiki-project/mediawiki-antiziganism/extensions/SemanticMediaWiki/src/MediaWiki/Content/SchemaContentHandler.php on line 29
#0 /home/melahi/code/A-mediawiki-project/mediawiki-antiziganism/extensions/SemanticMediaWiki/src/MediaWiki/Content/SchemaContentHandler.php(29): MediaWiki\Content\JsonContentHandler->__construct()
#1 /home/melahi/code/A-mediawiki-project/mediawiki-antiziganism/vendor/wikimedia/object-factory/src/ObjectFactory.php(240): SMW\MediaWiki\Content\SchemaContentHandler->__construct()
#2 /home/melahi/code/A-mediawiki-project/mediawiki-antiziganism/vendor/wikimedia/object-factory/src/ObjectFactory.php(149): Wikimedia\ObjectFactory\ObjectFactory::getObjectFromSpec()
#3 /home/melahi/code/A-mediawiki-project/mediawiki-antiziganism/includes/content/ContentHandlerFactory.php(217): Wikimedia\ObjectFactory\ObjectFactory->createObject()
#4 /home/melahi/code/A-mediawiki-project/mediawiki-antiziganism/includes/content/ContentHandlerFactory.php(167): MediaWiki\Content\ContentHandlerFactory->createContentHandlerFromHandlerSpec()
#5 /home/melahi/code/A-mediawiki-project/mediawiki-antiziganism/includes/content/ContentHandlerFactory.php(87): MediaWiki\Content\ContentHandlerFactory->createForModelID()
#6 /home/melahi/code/A-mediawiki-project/mediawiki-antiziganism/includes/content/ContentHandlerFactory.php(143): MediaWiki\Content\ContentHandlerFactory->getContentHandler()
#7 /home/melahi/code/A-mediawiki-project/mediawiki-antiziganism/includes/api/ApiStashEdit.php(252): MediaWiki\Content\ContentHandlerFactory->getAllContentFormats()
#8 /home/melahi/code/A-mediawiki-project/mediawiki-antiziganism/includes/api/ApiBase.php(1911): MediaWiki\Api\ApiStashEdit->getAllowedParams()
#9 /home/melahi/code/A-mediawiki-project/mediawiki-antiziganism/includes/api/ApiBase.php(851): MediaWiki\Api\ApiBase->getFinalParams()
#10 /home/melahi/code/A-mediawiki-project/mediawiki-antiziganism/includes/api/ApiMain.php(1607): MediaWiki\Api\ApiBase->extractRequestParams()
#11 /home/melahi/code/A-mediawiki-project/mediawiki-antiziganism/includes/api/ApiMain.php(2007): MediaWiki\Api\ApiMain->setupModule()
#12 /home/melahi/code/A-mediawiki-project/mediawiki-antiziganism/includes/api/ApiMain.php(955): MediaWiki\Api\ApiMain->executeAction()
#13 /home/melahi/code/A-mediawiki-project/mediawiki-antiziganism/includes/api/ApiMain.php(926): MediaWiki\Api\ApiMain->executeActionWithErrorHandling()
#14 /home/melahi/code/A-mediawiki-project/mediawiki-antiziganism/includes/api/ApiEntryPoint.php(152): MediaWiki\Api\ApiMain->execute()
#15 /home/melahi/code/A-mediawiki-project/mediawiki-antiziganism/includes/MediaWikiEntryPoint.php(198): MediaWiki\Api\ApiEntryPoint->execute()
#16 /home/melahi/code/A-mediawiki-project/mediawiki-antiziganism/api.php(44): MediaWiki\MediaWikiEntryPoint->run()
#17 {main}
2025-08-29 15:46:12 melahi-Latitude-7410 my_wiki: [00e925c9fe0a79cffbf0db41] /api.php   TypeError: MediaWiki\Content\JsonContentHandler::__construct(): Argument #2 ($parsoidParserFactory) must be of type ?MediaWiki\Parser\Parsoid\ParsoidParserFactory, array given, called in /home/melahi/code/A-mediawiki-project/mediawiki-antiziganism/extensions/SemanticMediaWiki/src/MediaWiki/Content/SchemaContentHandler.php on line 29
#0 /home/melahi/code/A-mediawiki-project/mediawiki-antiziganism/extensions/SemanticMediaWiki/src/MediaWiki/Content/SchemaContentHandler.php(29): MediaWiki\Content\JsonContentHandler->__construct()
#1 /home/melahi/code/A-mediawiki-project/mediawiki-antiziganism/vendor/wikimedia/object-factory/src/ObjectFactory.php(240): SMW\MediaWiki\Content\SchemaContentHandler->__construct()
#2 /home/melahi/code/A-mediawiki-project/mediawiki-antiziganism/vendor/wikimedia/object-factory/src/ObjectFactory.php(149): Wikimedia\ObjectFactory\ObjectFactory::getObjectFromSpec()
#3 /home/melahi/code/A-mediawiki-project/mediawiki-antiziganism/includes/content/ContentHandlerFactory.php(217): Wikimedia\ObjectFactory\ObjectFactory->createObject()
#4 /home/melahi/code/A-mediawiki-project/mediawiki-antiziganism/includes/content/ContentHandlerFactory.php(167): MediaWiki\Content\ContentHandlerFactory->createContentHandlerFromHandlerSpec()
#5 /home/melahi/code/A-mediawiki-project/mediawiki-antiziganism/includes/content/ContentHandlerFactory.php(87): MediaWiki\Content\ContentHandlerFactory->createForModelID()
#6 /home/melahi/code/A-mediawiki-project/mediawiki-antiziganism/includes/content/ContentHandlerFactory.php(143): MediaWiki\Content\ContentHandlerFactory->getContentHandler()
#7 /home/melahi/code/A-mediawiki-project/mediawiki-antiziganism/includes/api/ApiStashEdit.php(252): MediaWiki\Content\ContentHandlerFactory->getAllContentFormats()
#8 /home/melahi/code/A-mediawiki-project/mediawiki-antiziganism/includes/api/ApiBase.php(1911): MediaWiki\Api\ApiStashEdit->getAllowedParams()
#9 /home/melahi/code/A-mediawiki-project/mediawiki-antiziganism/includes/api/ApiBase.php(851): MediaWiki\Api\ApiBase->getFinalParams()
#10 /home/melahi/code/A-mediawiki-project/mediawiki-antiziganism/includes/api/ApiMain.php(1607): MediaWiki\Api\ApiBase->extractRequestParams()
#11 /home/melahi/code/A-mediawiki-project/mediawiki-antiziganism/includes/api/ApiMain.php(2007): MediaWiki\Api\ApiMain->setupModule()
#12 /home/melahi/code/A-mediawiki-project/mediawiki-antiziganism/includes/api/ApiMain.php(955): MediaWiki\Api\ApiMain->executeAction()
#13 /home/melahi/code/A-mediawiki-project/mediawiki-antiziganism/includes/api/ApiMain.php(926): MediaWiki\Api\ApiMain->executeActionWithErrorHandling()
#14 /home/melahi/code/A-mediawiki-project/mediawiki-antiziganism/includes/api/ApiEntryPoint.php(152): MediaWiki\Api\ApiMain->execute()
#15 /home/melahi/code/A-mediawiki-project/mediawiki-antiziganism/includes/MediaWikiEntryPoint.php(198): MediaWiki\Api\ApiEntryPoint->execute()
#16 /home/melahi/code/A-mediawiki-project/mediawiki-antiziganism/api.php(44): MediaWiki\MediaWikiEntryPoint->run()
#17 {main}
2025-08-29 15:47:21 melahi-Latitude-7410 my_wiki: [28153f069d3d0fabcca8ef91] /api.php   TypeError: MediaWiki\Content\JsonContentHandler::__construct(): Argument #2 ($parsoidParserFactory) must be of type ?MediaWiki\Parser\Parsoid\ParsoidParserFactory, array given, called in /home/melahi/code/A-mediawiki-project/mediawiki-antiziganism/extensions/SemanticMediaWiki/src/MediaWiki/Content/SchemaContentHandler.php on line 29
#0 /home/melahi/code/A-mediawiki-project/mediawiki-antiziganism/extensions/SemanticMediaWiki/src/MediaWiki/Content/SchemaContentHandler.php(29): MediaWiki\Content\JsonContentHandler->__construct()
#1 /home/melahi/code/A-mediawiki-project/mediawiki-antiziganism/vendor/wikimedia/object-factory/src/ObjectFactory.php(240): SMW\MediaWiki\Content\SchemaContentHandler->__construct()
#2 /home/melahi/code/A-mediawiki-project/mediawiki-antiziganism/vendor/wikimedia/object-factory/src/ObjectFactory.php(149): Wikimedia\ObjectFactory\ObjectFactory::getObjectFromSpec()
#3 /home/melahi/code/A-mediawiki-project/mediawiki-antiziganism/includes/content/ContentHandlerFactory.php(217): Wikimedia\ObjectFactory\ObjectFactory->createObject()
#4 /home/melahi/code/A-mediawiki-project/mediawiki-antiziganism/includes/content/ContentHandlerFactory.php(167): MediaWiki\Content\ContentHandlerFactory->createContentHandlerFromHandlerSpec()
#5 /home/melahi/code/A-mediawiki-project/mediawiki-antiziganism/includes/content/ContentHandlerFactory.php(87): MediaWiki\Content\ContentHandlerFactory->createForModelID()
#6 /home/melahi/code/A-mediawiki-project/mediawiki-antiziganism/includes/content/ContentHandlerFactory.php(143): MediaWiki\Content\ContentHandlerFactory->getContentHandler()
#7 /home/melahi/code/A-mediawiki-project/mediawiki-antiziganism/includes/api/ApiStashEdit.php(252): MediaWiki\Content\ContentHandlerFactory->getAllContentFormats()
#8 /home/melahi/code/A-mediawiki-project/mediawiki-antiziganism/includes/api/ApiBase.php(1911): MediaWiki\Api\ApiStashEdit->getAllowedParams()
#9 /home/melahi/code/A-mediawiki-project/mediawiki-antiziganism/includes/api/ApiBase.php(851): MediaWiki\Api\ApiBase->getFinalParams()
#10 /home/melahi/code/A-mediawiki-project/mediawiki-antiziganism/includes/api/ApiMain.php(1607): MediaWiki\Api\ApiBase->extractRequestParams()
#11 /home/melahi/code/A-mediawiki-project/mediawiki-antiziganism/includes/api/ApiMain.php(2007): MediaWiki\Api\ApiMain->setupModule()
#12 /home/melahi/code/A-mediawiki-project/mediawiki-antiziganism/includes/api/ApiMain.php(955): MediaWiki\Api\ApiMain->executeAction()
#13 /home/melahi/code/A-mediawiki-project/mediawiki-antiziganism/includes/api/ApiMain.php(926): MediaWiki\Api\ApiMain->executeActionWithErrorHandling()
#14 /home/melahi/code/A-mediawiki-project/mediawiki-antiziganism/includes/api/ApiEntryPoint.php(152): MediaWiki\Api\ApiMain->execute()
#15 /home/melahi/code/A-mediawiki-project/mediawiki-antiziganism/includes/MediaWikiEntryPoint.php(198): MediaWiki\Api\ApiEntryPoint->execute()
#16 /home/melahi/code/A-mediawiki-project/mediawiki-antiziganism/api.php(44): MediaWiki\MediaWikiEntryPoint->run()
#17 {main}
2025-08-29 15:48:11 melahi-Latitude-7410 my_wiki: [8c4cfec8b6a35e06c15528ad] /api.php   TypeError: MediaWiki\Content\JsonContentHandler::__construct(): Argument #2 ($parsoidParserFactory) must be of type ?MediaWiki\Parser\Parsoid\ParsoidParserFactory, array given, called in /home/melahi/code/A-mediawiki-project/mediawiki-antiziganism/extensions/SemanticMediaWiki/src/MediaWiki/Content/SchemaContentHandler.php on line 29
#0 /home/melahi/code/A-mediawiki-project/mediawiki-antiziganism/extensions/SemanticMediaWiki/src/MediaWiki/Content/SchemaContentHandler.php(29): MediaWiki\Content\JsonContentHandler->__construct()
#1 /home/melahi/code/A-mediawiki-project/mediawiki-antiziganism/vendor/wikimedia/object-factory/src/ObjectFactory.php(240): SMW\MediaWiki\Content\SchemaContentHandler->__construct()
#2 /home/melahi/code/A-mediawiki-project/mediawiki-antiziganism/vendor/wikimedia/object-factory/src/ObjectFactory.php(149): Wikimedia\ObjectFactory\ObjectFactory::getObjectFromSpec()
#3 /home/melahi/code/A-mediawiki-project/mediawiki-antiziganism/includes/content/ContentHandlerFactory.php(217): Wikimedia\ObjectFactory\ObjectFactory->createObject()
#4 /home/melahi/code/A-mediawiki-project/mediawiki-antiziganism/includes/content/ContentHandlerFactory.php(167): MediaWiki\Content\ContentHandlerFactory->createContentHandlerFromHandlerSpec()
#5 /home/melahi/code/A-mediawiki-project/mediawiki-antiziganism/includes/content/ContentHandlerFactory.php(87): MediaWiki\Content\ContentHandlerFactory->createForModelID()
#6 /home/melahi/code/A-mediawiki-project/mediawiki-antiziganism/includes/content/ContentHandlerFactory.php(143): MediaWiki\Content\ContentHandlerFactory->getContentHandler()
#7 /home/melahi/code/A-mediawiki-project/mediawiki-antiziganism/includes/api/ApiStashEdit.php(252): MediaWiki\Content\ContentHandlerFactory->getAllContentFormats()
#8 /home/melahi/code/A-mediawiki-project/mediawiki-antiziganism/includes/api/ApiBase.php(1911): MediaWiki\Api\ApiStashEdit->getAllowedParams()
#9 /home/melahi/code/A-mediawiki-project/mediawiki-antiziganism/includes/api/ApiBase.php(851): MediaWiki\Api\ApiBase->getFinalParams()
#10 /home/melahi/code/A-mediawiki-project/mediawiki-antiziganism/includes/api/ApiMain.php(1607): MediaWiki\Api\ApiBase->extractRequestParams()
#11 /home/melahi/code/A-mediawiki-project/mediawiki-antiziganism/includes/api/ApiMain.php(2007): MediaWiki\Api\ApiMain->setupModule()
#12 /home/melahi/code/A-mediawiki-project/mediawiki-antiziganism/includes/api/ApiMain.php(955): MediaWiki\Api\ApiMain->executeAction()
#13 /home/melahi/code/A-mediawiki-project/mediawiki-antiziganism/includes/api/ApiMain.php(926): MediaWiki\Api\ApiMain->executeActionWithErrorHandling()
#14 /home/melahi/code/A-mediawiki-project/mediawiki-antiziganism/includes/api/ApiEntryPoint.php(152): MediaWiki\Api\ApiMain->execute()
#15 /home/melahi/code/A-mediawiki-project/mediawiki-antiziganism/includes/MediaWikiEntryPoint.php(198): MediaWiki\Api\ApiEntryPoint->execute()
#16 /home/melahi/code/A-mediawiki-project/mediawiki-antiziganism/api.php(44): MediaWiki\MediaWikiEntryPoint->run()
#17 {main}
2025-08-29 15:52:53 melahi-Latitude-7410 my_wiki: [2bf349f152b162683c4ec52f] /api.php   TypeError: MediaWiki\Content\JsonContentHandler::__construct(): Argument #2 ($parsoidParserFactory) must be of type ?MediaWiki\Parser\Parsoid\ParsoidParserFactory, array given, called in /home/melahi/code/A-mediawiki-project/mediawiki-antiziganism/extensions/SemanticMediaWiki/src/MediaWiki/Content/SchemaContentHandler.php on line 29
#0 /home/melahi/code/A-mediawiki-project/mediawiki-antiziganism/extensions/SemanticMediaWiki/src/MediaWiki/Content/SchemaContentHandler.php(29): MediaWiki\Content\JsonContentHandler->__construct()
#1 /home/melahi/code/A-mediawiki-project/mediawiki-antiziganism/vendor/wikimedia/object-factory/src/ObjectFactory.php(240): SMW\MediaWiki\Content\SchemaContentHandler->__construct()
#2 /home/melahi/code/A-mediawiki-project/mediawiki-antiziganism/vendor/wikimedia/object-factory/src/ObjectFactory.php(149): Wikimedia\ObjectFactory\ObjectFactory::getObjectFromSpec()
#3 /home/melahi/code/A-mediawiki-project/mediawiki-antiziganism/includes/content/ContentHandlerFactory.php(217): Wikimedia\ObjectFactory\ObjectFactory->createObject()
#4 /home/melahi/code/A-mediawiki-project/mediawiki-antiziganism/includes/content/ContentHandlerFactory.php(167): MediaWiki\Content\ContentHandlerFactory->createContentHandlerFromHandlerSpec()
#5 /home/melahi/code/A-mediawiki-project/mediawiki-antiziganism/includes/content/ContentHandlerFactory.php(87): MediaWiki\Content\ContentHandlerFactory->createForModelID()
#6 /home/melahi/code/A-mediawiki-project/mediawiki-antiziganism/includes/content/ContentHandlerFactory.php(143): MediaWiki\Content\ContentHandlerFactory->getContentHandler()
#7 /home/melahi/code/A-mediawiki-project/mediawiki-antiziganism/includes/api/ApiStashEdit.php(252): MediaWiki\Content\ContentHandlerFactory->getAllContentFormats()
#8 /home/melahi/code/A-mediawiki-project/mediawiki-antiziganism/includes/api/ApiBase.php(1911): MediaWiki\Api\ApiStashEdit->getAllowedParams()
#9 /home/melahi/code/A-mediawiki-project/mediawiki-antiziganism/includes/api/ApiBase.php(851): MediaWiki\Api\ApiBase->getFinalParams()
#10 /home/melahi/code/A-mediawiki-project/mediawiki-antiziganism/includes/api/ApiMain.php(1607): MediaWiki\Api\ApiBase->extractRequestParams()
#11 /home/melahi/code/A-mediawiki-project/mediawiki-antiziganism/includes/api/ApiMain.php(2007): MediaWiki\Api\ApiMain->setupModule()
#12 /home/melahi/code/A-mediawiki-project/mediawiki-antiziganism/includes/api/ApiMain.php(955): MediaWiki\Api\ApiMain->executeAction()
#13 /home/melahi/code/A-mediawiki-project/mediawiki-antiziganism/includes/api/ApiMain.php(926): MediaWiki\Api\ApiMain->executeActionWithErrorHandling()
#14 /home/melahi/code/A-mediawiki-project/mediawiki-antiziganism/includes/api/ApiEntryPoint.php(152): MediaWiki\Api\ApiMain->execute()
#15 /home/melahi/code/A-mediawiki-project/mediawiki-antiziganism/includes/MediaWikiEntryPoint.php(198): MediaWiki\Api\ApiEntryPoint->execute()
#16 /home/melahi/code/A-mediawiki-project/mediawiki-antiziganism/api.php(44): MediaWiki\MediaWikiEntryPoint->run()
#17 {main}
2025-08-29 15:53:46 melahi-Latitude-7410 my_wiki: [d7c33e3e5a3712a45dfa4b29] /api.php   TypeError: MediaWiki\Content\JsonContentHandler::__construct(): Argument #2 ($parsoidParserFactory) must be of type ?MediaWiki\Parser\Parsoid\ParsoidParserFactory, array given, called in /home/melahi/code/A-mediawiki-project/mediawiki-antiziganism/extensions/SemanticMediaWiki/src/MediaWiki/Content/SchemaContentHandler.php on line 29
#0 /home/melahi/code/A-mediawiki-project/mediawiki-antiziganism/extensions/SemanticMediaWiki/src/MediaWiki/Content/SchemaContentHandler.php(29): MediaWiki\Content\JsonContentHandler->__construct()
#1 /home/melahi/code/A-mediawiki-project/mediawiki-antiziganism/vendor/wikimedia/object-factory/src/ObjectFactory.php(240): SMW\MediaWiki\Content\SchemaContentHandler->__construct()
#2 /home/melahi/code/A-mediawiki-project/mediawiki-antiziganism/vendor/wikimedia/object-factory/src/ObjectFactory.php(149): Wikimedia\ObjectFactory\ObjectFactory::getObjectFromSpec()
#3 /home/melahi/code/A-mediawiki-project/mediawiki-antiziganism/includes/content/ContentHandlerFactory.php(217): Wikimedia\ObjectFactory\ObjectFactory->createObject()
#4 /home/melahi/code/A-mediawiki-project/mediawiki-antiziganism/includes/content/ContentHandlerFactory.php(167): MediaWiki\Content\ContentHandlerFactory->createContentHandlerFromHandlerSpec()
#5 /home/melahi/code/A-mediawiki-project/mediawiki-antiziganism/includes/content/ContentHandlerFactory.php(87): MediaWiki\Content\ContentHandlerFactory->createForModelID()
#6 /home/melahi/code/A-mediawiki-project/mediawiki-antiziganism/includes/content/ContentHandlerFactory.php(143): MediaWiki\Content\ContentHandlerFactory->getContentHandler()
#7 /home/melahi/code/A-mediawiki-project/mediawiki-antiziganism/includes/api/ApiStashEdit.php(252): MediaWiki\Content\ContentHandlerFactory->getAllContentFormats()
#8 /home/melahi/code/A-mediawiki-project/mediawiki-antiziganism/includes/api/ApiBase.php(1911): MediaWiki\Api\ApiStashEdit->getAllowedParams()
#9 /home/melahi/code/A-mediawiki-project/mediawiki-antiziganism/includes/api/ApiBase.php(851): MediaWiki\Api\ApiBase->getFinalParams()
#10 /home/melahi/code/A-mediawiki-project/mediawiki-antiziganism/includes/api/ApiMain.php(1607): MediaWiki\Api\ApiBase->extractRequestParams()
#11 /home/melahi/code/A-mediawiki-project/mediawiki-antiziganism/includes/api/ApiMain.php(2007): MediaWiki\Api\ApiMain->setupModule()
#12 /home/melahi/code/A-mediawiki-project/mediawiki-antiziganism/includes/api/ApiMain.php(955): MediaWiki\Api\ApiMain->executeAction()
#13 /home/melahi/code/A-mediawiki-project/mediawiki-antiziganism/includes/api/ApiMain.php(926): MediaWiki\Api\ApiMain->executeActionWithErrorHandling()
#14 /home/melahi/code/A-mediawiki-project/mediawiki-antiziganism/includes/api/ApiEntryPoint.php(152): MediaWiki\Api\ApiMain->execute()
#15 /home/melahi/code/A-mediawiki-project/mediawiki-antiziganism/includes/MediaWikiEntryPoint.php(198): MediaWiki\Api\ApiEntryPoint->execute()
#16 /home/melahi/code/A-mediawiki-project/mediawiki-antiziganism/api.php(44): MediaWiki\MediaWikiEntryPoint->run()
#17 {main}
2025-08-29 15:54:31 melahi-Latitude-7410 my_wiki: [43b8fc0ee7ac4539309560ea] /api.php   TypeError: MediaWiki\Content\JsonContentHandler::__construct(): Argument #2 ($parsoidParserFactory) must be of type ?MediaWiki\Parser\Parsoid\ParsoidParserFactory, array given, called in /home/melahi/code/A-mediawiki-project/mediawiki-antiziganism/extensions/SemanticMediaWiki/src/MediaWiki/Content/SchemaContentHandler.php on line 29
#0 /home/melahi/code/A-mediawiki-project/mediawiki-antiziganism/extensions/SemanticMediaWiki/src/MediaWiki/Content/SchemaContentHandler.php(29): MediaWiki\Content\JsonContentHandler->__construct()
#1 /home/melahi/code/A-mediawiki-project/mediawiki-antiziganism/vendor/wikimedia/object-factory/src/ObjectFactory.php(240): SMW\MediaWiki\Content\SchemaContentHandler->__construct()
#2 /home/melahi/code/A-mediawiki-project/mediawiki-antiziganism/vendor/wikimedia/object-factory/src/ObjectFactory.php(149): Wikimedia\ObjectFactory\ObjectFactory::getObjectFromSpec()
#3 /home/melahi/code/A-mediawiki-project/mediawiki-antiziganism/includes/content/ContentHandlerFactory.php(217): Wikimedia\ObjectFactory\ObjectFactory->createObject()
#4 /home/melahi/code/A-mediawiki-project/mediawiki-antiziganism/includes/content/ContentHandlerFactory.php(167): MediaWiki\Content\ContentHandlerFactory->createContentHandlerFromHandlerSpec()
#5 /home/melahi/code/A-mediawiki-project/mediawiki-antiziganism/includes/content/ContentHandlerFactory.php(87): MediaWiki\Content\ContentHandlerFactory->createForModelID()
#6 /home/melahi/code/A-mediawiki-project/mediawiki-antiziganism/includes/content/ContentHandlerFactory.php(143): MediaWiki\Content\ContentHandlerFactory->getContentHandler()
#7 /home/melahi/code/A-mediawiki-project/mediawiki-antiziganism/includes/api/ApiStashEdit.php(252): MediaWiki\Content\ContentHandlerFactory->getAllContentFormats()
#8 /home/melahi/code/A-mediawiki-project/mediawiki-antiziganism/includes/api/ApiBase.php(1911): MediaWiki\Api\ApiStashEdit->getAllowedParams()
#9 /home/melahi/code/A-mediawiki-project/mediawiki-antiziganism/includes/api/ApiBase.php(851): MediaWiki\Api\ApiBase->getFinalParams()
#10 /home/melahi/code/A-mediawiki-project/mediawiki-antiziganism/includes/api/ApiMain.php(1607): MediaWiki\Api\ApiBase->extractRequestParams()
#11 /home/melahi/code/A-mediawiki-project/mediawiki-antiziganism/includes/api/ApiMain.php(2007): MediaWiki\Api\ApiMain->setupModule()
#12 /home/melahi/code/A-mediawiki-project/mediawiki-antiziganism/includes/api/ApiMain.php(955): MediaWiki\Api\ApiMain->executeAction()
#13 /home/melahi/code/A-mediawiki-project/mediawiki-antiziganism/includes/api/ApiMain.php(926): MediaWiki\Api\ApiMain->executeActionWithErrorHandling()
#14 /home/melahi/code/A-mediawiki-project/mediawiki-antiziganism/includes/api/ApiEntryPoint.php(152): MediaWiki\Api\ApiMain->execute()
#15 /home/melahi/code/A-mediawiki-project/mediawiki-antiziganism/includes/MediaWikiEntryPoint.php(198): MediaWiki\Api\ApiEntryPoint->execute()
#16 /home/melahi/code/A-mediawiki-project/mediawiki-antiziganism/api.php(44): MediaWiki\MediaWikiEntryPoint->run()
#17 {main}
2025-08-29 15:55:22 melahi-Latitude-7410 my_wiki: [b6918c7538d62b8304b11e2e] /api.php   TypeError: MediaWiki\Content\JsonContentHandler::__construct(): Argument #2 ($parsoidParserFactory) must be of type ?MediaWiki\Parser\Parsoid\ParsoidParserFactory, array given, called in /home/melahi/code/A-mediawiki-project/mediawiki-antiziganism/extensions/SemanticMediaWiki/src/MediaWiki/Content/SchemaContentHandler.php on line 29
#0 /home/melahi/code/A-mediawiki-project/mediawiki-antiziganism/extensions/SemanticMediaWiki/src/MediaWiki/Content/SchemaContentHandler.php(29): MediaWiki\Content\JsonContentHandler->__construct()
#1 /home/melahi/code/A-mediawiki-project/mediawiki-antiziganism/vendor/wikimedia/object-factory/src/ObjectFactory.php(240): SMW\MediaWiki\Content\SchemaContentHandler->__construct()
#2 /home/melahi/code/A-mediawiki-project/mediawiki-antiziganism/vendor/wikimedia/object-factory/src/ObjectFactory.php(149): Wikimedia\ObjectFactory\ObjectFactory::getObjectFromSpec()
#3 /home/melahi/code/A-mediawiki-project/mediawiki-antiziganism/includes/content/ContentHandlerFactory.php(217): Wikimedia\ObjectFactory\ObjectFactory->createObject()
#4 /home/melahi/code/A-mediawiki-project/mediawiki-antiziganism/includes/content/ContentHandlerFactory.php(167): MediaWiki\Content\ContentHandlerFactory->createContentHandlerFromHandlerSpec()
#5 /home/melahi/code/A-mediawiki-project/mediawiki-antiziganism/includes/content/ContentHandlerFactory.php(87): MediaWiki\Content\ContentHandlerFactory->createForModelID()
#6 /home/melahi/code/A-mediawiki-project/mediawiki-antiziganism/includes/content/ContentHandlerFactory.php(143): MediaWiki\Content\ContentHandlerFactory->getContentHandler()
#7 /home/melahi/code/A-mediawiki-project/mediawiki-antiziganism/includes/api/ApiStashEdit.php(252): MediaWiki\Content\ContentHandlerFactory->getAllContentFormats()
#8 /home/melahi/code/A-mediawiki-project/mediawiki-antiziganism/includes/api/ApiBase.php(1911): MediaWiki\Api\ApiStashEdit->getAllowedParams()
#9 /home/melahi/code/A-mediawiki-project/mediawiki-antiziganism/includes/api/ApiBase.php(851): MediaWiki\Api\ApiBase->getFinalParams()
#10 /home/melahi/code/A-mediawiki-project/mediawiki-antiziganism/includes/api/ApiMain.php(1607): MediaWiki\Api\ApiBase->extractRequestParams()
#11 /home/melahi/code/A-mediawiki-project/mediawiki-antiziganism/includes/api/ApiMain.php(2007): MediaWiki\Api\ApiMain->setupModule()
#12 /home/melahi/code/A-mediawiki-project/mediawiki-antiziganism/includes/api/ApiMain.php(955): MediaWiki\Api\ApiMain->executeAction()
#13 /home/melahi/code/A-mediawiki-project/mediawiki-antiziganism/includes/api/ApiMain.php(926): MediaWiki\Api\ApiMain->executeActionWithErrorHandling()
#14 /home/melahi/code/A-mediawiki-project/mediawiki-antiziganism/includes/api/ApiEntryPoint.php(152): MediaWiki\Api\ApiMain->execute()
#15 /home/melahi/code/A-mediawiki-project/mediawiki-antiziganism/includes/MediaWikiEntryPoint.php(198): MediaWiki\Api\ApiEntryPoint->execute()
#16 /home/melahi/code/A-mediawiki-project/mediawiki-antiziganism/api.php(44): MediaWiki\MediaWikiEntryPoint->run()
#17 {main}
2025-08-29 15:55:42 melahi-Latitude-7410 my_wiki: [6ac4a3ea15c60f7e13da1121] /api.php   TypeError: MediaWiki\Content\JsonContentHandler::__construct(): Argument #2 ($parsoidParserFactory) must be of type ?MediaWiki\Parser\Parsoid\ParsoidParserFactory, array given, called in /home/melahi/code/A-mediawiki-project/mediawiki-antiziganism/extensions/SemanticMediaWiki/src/MediaWiki/Content/SchemaContentHandler.php on line 29
#0 /home/melahi/code/A-mediawiki-project/mediawiki-antiziganism/extensions/SemanticMediaWiki/src/MediaWiki/Content/SchemaContentHandler.php(29): MediaWiki\Content\JsonContentHandler->__construct()
#1 /home/melahi/code/A-mediawiki-project/mediawiki-antiziganism/vendor/wikimedia/object-factory/src/ObjectFactory.php(240): SMW\MediaWiki\Content\SchemaContentHandler->__construct()
#2 /home/melahi/code/A-mediawiki-project/mediawiki-antiziganism/vendor/wikimedia/object-factory/src/ObjectFactory.php(149): Wikimedia\ObjectFactory\ObjectFactory::getObjectFromSpec()
#3 /home/melahi/code/A-mediawiki-project/mediawiki-antiziganism/includes/content/ContentHandlerFactory.php(217): Wikimedia\ObjectFactory\ObjectFactory->createObject()
#4 /home/melahi/code/A-mediawiki-project/mediawiki-antiziganism/includes/content/ContentHandlerFactory.php(167): MediaWiki\Content\ContentHandlerFactory->createContentHandlerFromHandlerSpec()
#5 /home/melahi/code/A-mediawiki-project/mediawiki-antiziganism/includes/content/ContentHandlerFactory.php(87): MediaWiki\Content\ContentHandlerFactory->createForModelID()
#6 /home/melahi/code/A-mediawiki-project/mediawiki-antiziganism/includes/content/ContentHandlerFactory.php(143): MediaWiki\Content\ContentHandlerFactory->getContentHandler()
#7 /home/melahi/code/A-mediawiki-project/mediawiki-antiziganism/includes/api/ApiStashEdit.php(252): MediaWiki\Content\ContentHandlerFactory->getAllContentFormats()
#8 /home/melahi/code/A-mediawiki-project/mediawiki-antiziganism/includes/api/ApiBase.php(1911): MediaWiki\Api\ApiStashEdit->getAllowedParams()
#9 /home/melahi/code/A-mediawiki-project/mediawiki-antiziganism/includes/api/ApiBase.php(851): MediaWiki\Api\ApiBase->getFinalParams()
#10 /home/melahi/code/A-mediawiki-project/mediawiki-antiziganism/includes/api/ApiMain.php(1607): MediaWiki\Api\ApiBase->extractRequestParams()
#11 /home/melahi/code/A-mediawiki-project/mediawiki-antiziganism/includes/api/ApiMain.php(2007): MediaWiki\Api\ApiMain->setupModule()
#12 /home/melahi/code/A-mediawiki-project/mediawiki-antiziganism/includes/api/ApiMain.php(955): MediaWiki\Api\ApiMain->executeAction()
#13 /home/melahi/code/A-mediawiki-project/mediawiki-antiziganism/includes/api/ApiMain.php(926): MediaWiki\Api\ApiMain->executeActionWithErrorHandling()
#14 /home/melahi/code/A-mediawiki-project/mediawiki-antiziganism/includes/api/ApiEntryPoint.php(152): MediaWiki\Api\ApiMain->execute()
#15 /home/melahi/code/A-mediawiki-project/mediawiki-antiziganism/includes/MediaWikiEntryPoint.php(198): MediaWiki\Api\ApiEntryPoint->execute()
#16 /home/melahi/code/A-mediawiki-project/mediawiki-antiziganism/api.php(44): MediaWiki\MediaWikiEntryPoint->run()
#17 {main}
2025-08-29 16:00:19 melahi-Latitude-7410 my_wiki: [c50f4f4ae9075c8968b9861d] /api.php   TypeError: MediaWiki\Content\JsonContentHandler::__construct(): Argument #2 ($parsoidParserFactory) must be of type ?MediaWiki\Parser\Parsoid\ParsoidParserFactory, array given, called in /home/melahi/code/A-mediawiki-project/mediawiki-antiziganism/extensions/SemanticMediaWiki/src/MediaWiki/Content/SchemaContentHandler.php on line 29
#0 /home/melahi/code/A-mediawiki-project/mediawiki-antiziganism/extensions/SemanticMediaWiki/src/MediaWiki/Content/SchemaContentHandler.php(29): MediaWiki\Content\JsonContentHandler->__construct()
#1 /home/melahi/code/A-mediawiki-project/mediawiki-antiziganism/vendor/wikimedia/object-factory/src/ObjectFactory.php(240): SMW\MediaWiki\Content\SchemaContentHandler->__construct()
#2 /home/melahi/code/A-mediawiki-project/mediawiki-antiziganism/vendor/wikimedia/object-factory/src/ObjectFactory.php(149): Wikimedia\ObjectFactory\ObjectFactory::getObjectFromSpec()
#3 /home/melahi/code/A-mediawiki-project/mediawiki-antiziganism/includes/content/ContentHandlerFactory.php(217): Wikimedia\ObjectFactory\ObjectFactory->createObject()
#4 /home/melahi/code/A-mediawiki-project/mediawiki-antiziganism/includes/content/ContentHandlerFactory.php(167): MediaWiki\Content\ContentHandlerFactory->createContentHandlerFromHandlerSpec()
#5 /home/melahi/code/A-mediawiki-project/mediawiki-antiziganism/includes/content/ContentHandlerFactory.php(87): MediaWiki\Content\ContentHandlerFactory->createForModelID()
#6 /home/melahi/code/A-mediawiki-project/mediawiki-antiziganism/includes/content/ContentHandlerFactory.php(143): MediaWiki\Content\ContentHandlerFactory->getContentHandler()
#7 /home/melahi/code/A-mediawiki-project/mediawiki-antiziganism/includes/api/ApiStashEdit.php(252): MediaWiki\Content\ContentHandlerFactory->getAllContentFormats()
#8 /home/melahi/code/A-mediawiki-project/mediawiki-antiziganism/includes/api/ApiBase.php(1911): MediaWiki\Api\ApiStashEdit->getAllowedParams()
#9 /home/melahi/code/A-mediawiki-project/mediawiki-antiziganism/includes/api/ApiBase.php(851): MediaWiki\Api\ApiBase->getFinalParams()
#10 /home/melahi/code/A-mediawiki-project/mediawiki-antiziganism/includes/api/ApiMain.php(1607): MediaWiki\Api\ApiBase->extractRequestParams()
#11 /home/melahi/code/A-mediawiki-project/mediawiki-antiziganism/includes/api/ApiMain.php(2007): MediaWiki\Api\ApiMain->setupModule()
#12 /home/melahi/code/A-mediawiki-project/mediawiki-antiziganism/includes/api/ApiMain.php(955): MediaWiki\Api\ApiMain->executeAction()
#13 /home/melahi/code/A-mediawiki-project/mediawiki-antiziganism/includes/api/ApiMain.php(926): MediaWiki\Api\ApiMain->executeActionWithErrorHandling()
#14 /home/melahi/code/A-mediawiki-project/mediawiki-antiziganism/includes/api/ApiEntryPoint.php(152): MediaWiki\Api\ApiMain->execute()
#15 /home/melahi/code/A-mediawiki-project/mediawiki-antiziganism/includes/MediaWikiEntryPoint.php(198): MediaWiki\Api\ApiEntryPoint->execute()
#16 /home/melahi/code/A-mediawiki-project/mediawiki-antiziganism/api.php(44): MediaWiki\MediaWikiEntryPoint->run()
#17 {main}
2025-08-29 16:01:39 melahi-Latitude-7410 my_wiki: [6ecaf2416e13999707becede] /api.php   TypeError: MediaWiki\Content\JsonContentHandler::__construct(): Argument #2 ($parsoidParserFactory) must be of type ?MediaWiki\Parser\Parsoid\ParsoidParserFactory, array given, called in /home/melahi/code/A-mediawiki-project/mediawiki-antiziganism/extensions/SemanticMediaWiki/src/MediaWiki/Content/SchemaContentHandler.php on line 29
#0 /home/melahi/code/A-mediawiki-project/mediawiki-antiziganism/extensions/SemanticMediaWiki/src/MediaWiki/Content/SchemaContentHandler.php(29): MediaWiki\Content\JsonContentHandler->__construct()
#1 /home/melahi/code/A-mediawiki-project/mediawiki-antiziganism/vendor/wikimedia/object-factory/src/ObjectFactory.php(240): SMW\MediaWiki\Content\SchemaContentHandler->__construct()
#2 /home/melahi/code/A-mediawiki-project/mediawiki-antiziganism/vendor/wikimedia/object-factory/src/ObjectFactory.php(149): Wikimedia\ObjectFactory\ObjectFactory::getObjectFromSpec()
#3 /home/melahi/code/A-mediawiki-project/mediawiki-antiziganism/includes/content/ContentHandlerFactory.php(217): Wikimedia\ObjectFactory\ObjectFactory->createObject()
#4 /home/melahi/code/A-mediawiki-project/mediawiki-antiziganism/includes/content/ContentHandlerFactory.php(167): MediaWiki\Content\ContentHandlerFactory->createContentHandlerFromHandlerSpec()
#5 /home/melahi/code/A-mediawiki-project/mediawiki-antiziganism/includes/content/ContentHandlerFactory.php(87): MediaWiki\Content\ContentHandlerFactory->createForModelID()
#6 /home/melahi/code/A-mediawiki-project/mediawiki-antiziganism/includes/content/ContentHandlerFactory.php(143): MediaWiki\Content\ContentHandlerFactory->getContentHandler()
#7 /home/melahi/code/A-mediawiki-project/mediawiki-antiziganism/includes/api/ApiStashEdit.php(252): MediaWiki\Content\ContentHandlerFactory->getAllContentFormats()
#8 /home/melahi/code/A-mediawiki-project/mediawiki-antiziganism/includes/api/ApiBase.php(1911): MediaWiki\Api\ApiStashEdit->getAllowedParams()
#9 /home/melahi/code/A-mediawiki-project/mediawiki-antiziganism/includes/api/ApiBase.php(851): MediaWiki\Api\ApiBase->getFinalParams()
#10 /home/melahi/code/A-mediawiki-project/mediawiki-antiziganism/includes/api/ApiMain.php(1607): MediaWiki\Api\ApiBase->extractRequestParams()
#11 /home/melahi/code/A-mediawiki-project/mediawiki-antiziganism/includes/api/ApiMain.php(2007): MediaWiki\Api\ApiMain->setupModule()
#12 /home/melahi/code/A-mediawiki-project/mediawiki-antiziganism/includes/api/ApiMain.php(955): MediaWiki\Api\ApiMain->executeAction()
#13 /home/melahi/code/A-mediawiki-project/mediawiki-antiziganism/includes/api/ApiMain.php(926): MediaWiki\Api\ApiMain->executeActionWithErrorHandling()
#14 /home/melahi/code/A-mediawiki-project/mediawiki-antiziganism/includes/api/ApiEntryPoint.php(152): MediaWiki\Api\ApiMain->execute()
#15 /home/melahi/code/A-mediawiki-project/mediawiki-antiziganism/includes/MediaWikiEntryPoint.php(198): MediaWiki\Api\ApiEntryPoint->execute()
#16 /home/melahi/code/A-mediawiki-project/mediawiki-antiziganism/api.php(44): MediaWiki\MediaWikiEntryPoint->run()
#17 {main}
2025-08-29 16:03:08 melahi-Latitude-7410 my_wiki: [8e89367c1063695d548246af] /api.php   TypeError: MediaWiki\Content\JsonContentHandler::__construct(): Argument #2 ($parsoidParserFactory) must be of type ?MediaWiki\Parser\Parsoid\ParsoidParserFactory, array given, called in /home/melahi/code/A-mediawiki-project/mediawiki-antiziganism/extensions/SemanticMediaWiki/src/MediaWiki/Content/SchemaContentHandler.php on line 29
#0 /home/melahi/code/A-mediawiki-project/mediawiki-antiziganism/extensions/SemanticMediaWiki/src/MediaWiki/Content/SchemaContentHandler.php(29): MediaWiki\Content\JsonContentHandler->__construct()
#1 /home/melahi/code/A-mediawiki-project/mediawiki-antiziganism/vendor/wikimedia/object-factory/src/ObjectFactory.php(240): SMW\MediaWiki\Content\SchemaContentHandler->__construct()
#2 /home/melahi/code/A-mediawiki-project/mediawiki-antiziganism/vendor/wikimedia/object-factory/src/ObjectFactory.php(149): Wikimedia\ObjectFactory\ObjectFactory::getObjectFromSpec()
#3 /home/melahi/code/A-mediawiki-project/mediawiki-antiziganism/includes/content/ContentHandlerFactory.php(217): Wikimedia\ObjectFactory\ObjectFactory->createObject()
#4 /home/melahi/code/A-mediawiki-project/mediawiki-antiziganism/includes/content/ContentHandlerFactory.php(167): MediaWiki\Content\ContentHandlerFactory->createContentHandlerFromHandlerSpec()
#5 /home/melahi/code/A-mediawiki-project/mediawiki-antiziganism/includes/content/ContentHandlerFactory.php(87): MediaWiki\Content\ContentHandlerFactory->createForModelID()
#6 /home/melahi/code/A-mediawiki-project/mediawiki-antiziganism/includes/content/ContentHandlerFactory.php(143): MediaWiki\Content\ContentHandlerFactory->getContentHandler()
#7 /home/melahi/code/A-mediawiki-project/mediawiki-antiziganism/includes/api/ApiStashEdit.php(252): MediaWiki\Content\ContentHandlerFactory->getAllContentFormats()
#8 /home/melahi/code/A-mediawiki-project/mediawiki-antiziganism/includes/api/ApiBase.php(1911): MediaWiki\Api\ApiStashEdit->getAllowedParams()
#9 /home/melahi/code/A-mediawiki-project/mediawiki-antiziganism/includes/api/ApiBase.php(851): MediaWiki\Api\ApiBase->getFinalParams()
#10 /home/melahi/code/A-mediawiki-project/mediawiki-antiziganism/includes/api/ApiMain.php(1607): MediaWiki\Api\ApiBase->extractRequestParams()
#11 /home/melahi/code/A-mediawiki-project/mediawiki-antiziganism/includes/api/ApiMain.php(2007): MediaWiki\Api\ApiMain->setupModule()
#12 /home/melahi/code/A-mediawiki-project/mediawiki-antiziganism/includes/api/ApiMain.php(955): MediaWiki\Api\ApiMain->executeAction()
#13 /home/melahi/code/A-mediawiki-project/mediawiki-antiziganism/includes/api/ApiMain.php(926): MediaWiki\Api\ApiMain->executeActionWithErrorHandling()
#14 /home/melahi/code/A-mediawiki-project/mediawiki-antiziganism/includes/api/ApiEntryPoint.php(152): MediaWiki\Api\ApiMain->execute()
#15 /home/melahi/code/A-mediawiki-project/mediawiki-antiziganism/includes/MediaWikiEntryPoint.php(198): MediaWiki\Api\ApiEntryPoint->execute()
#16 /home/melahi/code/A-mediawiki-project/mediawiki-antiziganism/api.php(44): MediaWiki\MediaWikiEntryPoint->run()
#17 {main}
2025-08-29 16:03:51 melahi-Latitude-7410 my_wiki: [eccf3d3b1e2b33955725e134] /api.php   TypeError: MediaWiki\Content\JsonContentHandler::__construct(): Argument #2 ($parsoidParserFactory) must be of type ?MediaWiki\Parser\Parsoid\ParsoidParserFactory, array given, called in /home/melahi/code/A-mediawiki-project/mediawiki-antiziganism/extensions/SemanticMediaWiki/src/MediaWiki/Content/SchemaContentHandler.php on line 29
#0 /home/melahi/code/A-mediawiki-project/mediawiki-antiziganism/extensions/SemanticMediaWiki/src/MediaWiki/Content/SchemaContentHandler.php(29): MediaWiki\Content\JsonContentHandler->__construct()
#1 /home/melahi/code/A-mediawiki-project/mediawiki-antiziganism/vendor/wikimedia/object-factory/src/ObjectFactory.php(240): SMW\MediaWiki\Content\SchemaContentHandler->__construct()
#2 /home/melahi/code/A-mediawiki-project/mediawiki-antiziganism/vendor/wikimedia/object-factory/src/ObjectFactory.php(149): Wikimedia\ObjectFactory\ObjectFactory::getObjectFromSpec()
#3 /home/melahi/code/A-mediawiki-project/mediawiki-antiziganism/includes/content/ContentHandlerFactory.php(217): Wikimedia\ObjectFactory\ObjectFactory->createObject()
#4 /home/melahi/code/A-mediawiki-project/mediawiki-antiziganism/includes/content/ContentHandlerFactory.php(167): MediaWiki\Content\ContentHandlerFactory->createContentHandlerFromHandlerSpec()
#5 /home/melahi/code/A-mediawiki-project/mediawiki-antiziganism/includes/content/ContentHandlerFactory.php(87): MediaWiki\Content\ContentHandlerFactory->createForModelID()
#6 /home/melahi/code/A-mediawiki-project/mediawiki-antiziganism/includes/content/ContentHandlerFactory.php(143): MediaWiki\Content\ContentHandlerFactory->getContentHandler()
#7 /home/melahi/code/A-mediawiki-project/mediawiki-antiziganism/includes/api/ApiStashEdit.php(252): MediaWiki\Content\ContentHandlerFactory->getAllContentFormats()
#8 /home/melahi/code/A-mediawiki-project/mediawiki-antiziganism/includes/api/ApiBase.php(1911): MediaWiki\Api\ApiStashEdit->getAllowedParams()
#9 /home/melahi/code/A-mediawiki-project/mediawiki-antiziganism/includes/api/ApiBase.php(851): MediaWiki\Api\ApiBase->getFinalParams()
#10 /home/melahi/code/A-mediawiki-project/mediawiki-antiziganism/includes/api/ApiMain.php(1607): MediaWiki\Api\ApiBase->extractRequestParams()
#11 /home/melahi/code/A-mediawiki-project/mediawiki-antiziganism/includes/api/ApiMain.php(2007): MediaWiki\Api\ApiMain->setupModule()
#12 /home/melahi/code/A-mediawiki-project/mediawiki-antiziganism/includes/api/ApiMain.php(955): MediaWiki\Api\ApiMain->executeAction()
#13 /home/melahi/code/A-mediawiki-project/mediawiki-antiziganism/includes/api/ApiMain.php(926): MediaWiki\Api\ApiMain->executeActionWithErrorHandling()
#14 /home/melahi/code/A-mediawiki-project/mediawiki-antiziganism/includes/api/ApiEntryPoint.php(152): MediaWiki\Api\ApiMain->execute()
#15 /home/melahi/code/A-mediawiki-project/mediawiki-antiziganism/includes/MediaWikiEntryPoint.php(198): MediaWiki\Api\ApiEntryPoint->execute()
#16 /home/melahi/code/A-mediawiki-project/mediawiki-antiziganism/api.php(44): MediaWiki\MediaWikiEntryPoint->run()
#17 {main}
2025-08-29 16:04:26 melahi-Latitude-7410 my_wiki: [dd2703e89bda20fa60f21d56] /api.php   TypeError: MediaWiki\Content\JsonContentHandler::__construct(): Argument #2 ($parsoidParserFactory) must be of type ?MediaWiki\Parser\Parsoid\ParsoidParserFactory, array given, called in /home/melahi/code/A-mediawiki-project/mediawiki-antiziganism/extensions/SemanticMediaWiki/src/MediaWiki/Content/SchemaContentHandler.php on line 29
#0 /home/melahi/code/A-mediawiki-project/mediawiki-antiziganism/extensions/SemanticMediaWiki/src/MediaWiki/Content/SchemaContentHandler.php(29): MediaWiki\Content\JsonContentHandler->__construct()
#1 /home/melahi/code/A-mediawiki-project/mediawiki-antiziganism/vendor/wikimedia/object-factory/src/ObjectFactory.php(240): SMW\MediaWiki\Content\SchemaContentHandler->__construct()
#2 /home/melahi/code/A-mediawiki-project/mediawiki-antiziganism/vendor/wikimedia/object-factory/src/ObjectFactory.php(149): Wikimedia\ObjectFactory\ObjectFactory::getObjectFromSpec()
#3 /home/melahi/code/A-mediawiki-project/mediawiki-antiziganism/includes/content/ContentHandlerFactory.php(217): Wikimedia\ObjectFactory\ObjectFactory->createObject()
#4 /home/melahi/code/A-mediawiki-project/mediawiki-antiziganism/includes/content/ContentHandlerFactory.php(167): MediaWiki\Content\ContentHandlerFactory->createContentHandlerFromHandlerSpec()
#5 /home/melahi/code/A-mediawiki-project/mediawiki-antiziganism/includes/content/ContentHandlerFactory.php(87): MediaWiki\Content\ContentHandlerFactory->createForModelID()
#6 /home/melahi/code/A-mediawiki-project/mediawiki-antiziganism/includes/content/ContentHandlerFactory.php(143): MediaWiki\Content\ContentHandlerFactory->getContentHandler()
#7 /home/melahi/code/A-mediawiki-project/mediawiki-antiziganism/includes/api/ApiStashEdit.php(252): MediaWiki\Content\ContentHandlerFactory->getAllContentFormats()
#8 /home/melahi/code/A-mediawiki-project/mediawiki-antiziganism/includes/api/ApiBase.php(1911): MediaWiki\Api\ApiStashEdit->getAllowedParams()
#9 /home/melahi/code/A-mediawiki-project/mediawiki-antiziganism/includes/api/ApiBase.php(851): MediaWiki\Api\ApiBase->getFinalParams()
#10 /home/melahi/code/A-mediawiki-project/mediawiki-antiziganism/includes/api/ApiMain.php(1607): MediaWiki\Api\ApiBase->extractRequestParams()
#11 /home/melahi/code/A-mediawiki-project/mediawiki-antiziganism/includes/api/ApiMain.php(2007): MediaWiki\Api\ApiMain->setupModule()
#12 /home/melahi/code/A-mediawiki-project/mediawiki-antiziganism/includes/api/ApiMain.php(955): MediaWiki\Api\ApiMain->executeAction()
#13 /home/melahi/code/A-mediawiki-project/mediawiki-antiziganism/includes/api/ApiMain.php(926): MediaWiki\Api\ApiMain->executeActionWithErrorHandling()
#14 /home/melahi/code/A-mediawiki-project/mediawiki-antiziganism/includes/api/ApiEntryPoint.php(152): MediaWiki\Api\ApiMain->execute()
#15 /home/melahi/code/A-mediawiki-project/mediawiki-antiziganism/includes/MediaWikiEntryPoint.php(198): MediaWiki\Api\ApiEntryPoint->execute()
#16 /home/melahi/code/A-mediawiki-project/mediawiki-antiziganism/api.php(44): MediaWiki\MediaWikiEntryPoint->run()
#17 {main}
2025-08-29 16:05:39 melahi-Latitude-7410 my_wiki: [11f282835f8b268dca06e495] /api.php   TypeError: MediaWiki\Content\JsonContentHandler::__construct(): Argument #2 ($parsoidParserFactory) must be of type ?MediaWiki\Parser\Parsoid\ParsoidParserFactory, array given, called in /home/melahi/code/A-mediawiki-project/mediawiki-antiziganism/extensions/SemanticMediaWiki/src/MediaWiki/Content/SchemaContentHandler.php on line 29
#0 /home/melahi/code/A-mediawiki-project/mediawiki-antiziganism/extensions/SemanticMediaWiki/src/MediaWiki/Content/SchemaContentHandler.php(29): MediaWiki\Content\JsonContentHandler->__construct()
#1 /home/melahi/code/A-mediawiki-project/mediawiki-antiziganism/vendor/wikimedia/object-factory/src/ObjectFactory.php(240): SMW\MediaWiki\Content\SchemaContentHandler->__construct()
#2 /home/melahi/code/A-mediawiki-project/mediawiki-antiziganism/vendor/wikimedia/object-factory/src/ObjectFactory.php(149): Wikimedia\ObjectFactory\ObjectFactory::getObjectFromSpec()
#3 /home/melahi/code/A-mediawiki-project/mediawiki-antiziganism/includes/content/ContentHandlerFactory.php(217): Wikimedia\ObjectFactory\ObjectFactory->createObject()
#4 /home/melahi/code/A-mediawiki-project/mediawiki-antiziganism/includes/content/ContentHandlerFactory.php(167): MediaWiki\Content\ContentHandlerFactory->createContentHandlerFromHandlerSpec()
#5 /home/melahi/code/A-mediawiki-project/mediawiki-antiziganism/includes/content/ContentHandlerFactory.php(87): MediaWiki\Content\ContentHandlerFactory->createForModelID()
#6 /home/melahi/code/A-mediawiki-project/mediawiki-antiziganism/includes/content/ContentHandlerFactory.php(143): MediaWiki\Content\ContentHandlerFactory->getContentHandler()
#7 /home/melahi/code/A-mediawiki-project/mediawiki-antiziganism/includes/api/ApiStashEdit.php(252): MediaWiki\Content\ContentHandlerFactory->getAllContentFormats()
#8 /home/melahi/code/A-mediawiki-project/mediawiki-antiziganism/includes/api/ApiBase.php(1911): MediaWiki\Api\ApiStashEdit->getAllowedParams()
#9 /home/melahi/code/A-mediawiki-project/mediawiki-antiziganism/includes/api/ApiBase.php(851): MediaWiki\Api\ApiBase->getFinalParams()
#10 /home/melahi/code/A-mediawiki-project/mediawiki-antiziganism/includes/api/ApiMain.php(1607): MediaWiki\Api\ApiBase->extractRequestParams()
#11 /home/melahi/code/A-mediawiki-project/mediawiki-antiziganism/includes/api/ApiMain.php(2007): MediaWiki\Api\ApiMain->setupModule()
#12 /home/melahi/code/A-mediawiki-project/mediawiki-antiziganism/includes/api/ApiMain.php(955): MediaWiki\Api\ApiMain->executeAction()
#13 /home/melahi/code/A-mediawiki-project/mediawiki-antiziganism/includes/api/ApiMain.php(926): MediaWiki\Api\ApiMain->executeActionWithErrorHandling()
#14 /home/melahi/code/A-mediawiki-project/mediawiki-antiziganism/includes/api/ApiEntryPoint.php(152): MediaWiki\Api\ApiMain->execute()
#15 /home/melahi/code/A-mediawiki-project/mediawiki-antiziganism/includes/MediaWikiEntryPoint.php(198): MediaWiki\Api\ApiEntryPoint->execute()
#16 /home/melahi/code/A-mediawiki-project/mediawiki-antiziganism/api.php(44): MediaWiki\MediaWikiEntryPoint->run()
#17 {main}
2025-08-29 16:06:21 melahi-Latitude-7410 my_wiki: [93705446c06b5d0de0517353] /api.php   TypeError: MediaWiki\Content\JsonContentHandler::__construct(): Argument #2 ($parsoidParserFactory) must be of type ?MediaWiki\Parser\Parsoid\ParsoidParserFactory, array given, called in /home/melahi/code/A-mediawiki-project/mediawiki-antiziganism/extensions/SemanticMediaWiki/src/MediaWiki/Content/SchemaContentHandler.php on line 29
#0 /home/melahi/code/A-mediawiki-project/mediawiki-antiziganism/extensions/SemanticMediaWiki/src/MediaWiki/Content/SchemaContentHandler.php(29): MediaWiki\Content\JsonContentHandler->__construct()
#1 /home/melahi/code/A-mediawiki-project/mediawiki-antiziganism/vendor/wikimedia/object-factory/src/ObjectFactory.php(240): SMW\MediaWiki\Content\SchemaContentHandler->__construct()
#2 /home/melahi/code/A-mediawiki-project/mediawiki-antiziganism/vendor/wikimedia/object-factory/src/ObjectFactory.php(149): Wikimedia\ObjectFactory\ObjectFactory::getObjectFromSpec()
#3 /home/melahi/code/A-mediawiki-project/mediawiki-antiziganism/includes/content/ContentHandlerFactory.php(217): Wikimedia\ObjectFactory\ObjectFactory->createObject()
#4 /home/melahi/code/A-mediawiki-project/mediawiki-antiziganism/includes/content/ContentHandlerFactory.php(167): MediaWiki\Content\ContentHandlerFactory->createContentHandlerFromHandlerSpec()
#5 /home/melahi/code/A-mediawiki-project/mediawiki-antiziganism/includes/content/ContentHandlerFactory.php(87): MediaWiki\Content\ContentHandlerFactory->createForModelID()
#6 /home/melahi/code/A-mediawiki-project/mediawiki-antiziganism/includes/content/ContentHandlerFactory.php(143): MediaWiki\Content\ContentHandlerFactory->getContentHandler()
#7 /home/melahi/code/A-mediawiki-project/mediawiki-antiziganism/includes/api/ApiStashEdit.php(252): MediaWiki\Content\ContentHandlerFactory->getAllContentFormats()
#8 /home/melahi/code/A-mediawiki-project/mediawiki-antiziganism/includes/api/ApiBase.php(1911): MediaWiki\Api\ApiStashEdit->getAllowedParams()
#9 /home/melahi/code/A-mediawiki-project/mediawiki-antiziganism/includes/api/ApiBase.php(851): MediaWiki\Api\ApiBase->getFinalParams()
#10 /home/melahi/code/A-mediawiki-project/mediawiki-antiziganism/includes/api/ApiMain.php(1607): MediaWiki\Api\ApiBase->extractRequestParams()
#11 /home/melahi/code/A-mediawiki-project/mediawiki-antiziganism/includes/api/ApiMain.php(2007): MediaWiki\Api\ApiMain->setupModule()
#12 /home/melahi/code/A-mediawiki-project/mediawiki-antiziganism/includes/api/ApiMain.php(955): MediaWiki\Api\ApiMain->executeAction()
#13 /home/melahi/code/A-mediawiki-project/mediawiki-antiziganism/includes/api/ApiMain.php(926): MediaWiki\Api\ApiMain->executeActionWithErrorHandling()
#14 /home/melahi/code/A-mediawiki-project/mediawiki-antiziganism/includes/api/ApiEntryPoint.php(152): MediaWiki\Api\ApiMain->execute()
#15 /home/melahi/code/A-mediawiki-project/mediawiki-antiziganism/includes/MediaWikiEntryPoint.php(198): MediaWiki\Api\ApiEntryPoint->execute()
#16 /home/melahi/code/A-mediawiki-project/mediawiki-antiziganism/api.php(44): MediaWiki\MediaWikiEntryPoint->run()
#17 {main}
2025-08-29 16:07:04 melahi-Latitude-7410 my_wiki: [38749a873c4cfbcb8bad0bb0] /api.php   TypeError: MediaWiki\Content\JsonContentHandler::__construct(): Argument #2 ($parsoidParserFactory) must be of type ?MediaWiki\Parser\Parsoid\ParsoidParserFactory, array given, called in /home/melahi/code/A-mediawiki-project/mediawiki-antiziganism/extensions/SemanticMediaWiki/src/MediaWiki/Content/SchemaContentHandler.php on line 29
#0 /home/melahi/code/A-mediawiki-project/mediawiki-antiziganism/extensions/SemanticMediaWiki/src/MediaWiki/Content/SchemaContentHandler.php(29): MediaWiki\Content\JsonContentHandler->__construct()
#1 /home/melahi/code/A-mediawiki-project/mediawiki-antiziganism/vendor/wikimedia/object-factory/src/ObjectFactory.php(240): SMW\MediaWiki\Content\SchemaContentHandler->__construct()
#2 /home/melahi/code/A-mediawiki-project/mediawiki-antiziganism/vendor/wikimedia/object-factory/src/ObjectFactory.php(149): Wikimedia\ObjectFactory\ObjectFactory::getObjectFromSpec()
#3 /home/melahi/code/A-mediawiki-project/mediawiki-antiziganism/includes/content/ContentHandlerFactory.php(217): Wikimedia\ObjectFactory\ObjectFactory->createObject()
#4 /home/melahi/code/A-mediawiki-project/mediawiki-antiziganism/includes/content/ContentHandlerFactory.php(167): MediaWiki\Content\ContentHandlerFactory->createContentHandlerFromHandlerSpec()
#5 /home/melahi/code/A-mediawiki-project/mediawiki-antiziganism/includes/content/ContentHandlerFactory.php(87): MediaWiki\Content\ContentHandlerFactory->createForModelID()
#6 /home/melahi/code/A-mediawiki-project/mediawiki-antiziganism/includes/content/ContentHandlerFactory.php(143): MediaWiki\Content\ContentHandlerFactory->getContentHandler()
#7 /home/melahi/code/A-mediawiki-project/mediawiki-antiziganism/includes/api/ApiStashEdit.php(252): MediaWiki\Content\ContentHandlerFactory->getAllContentFormats()
#8 /home/melahi/code/A-mediawiki-project/mediawiki-antiziganism/includes/api/ApiBase.php(1911): MediaWiki\Api\ApiStashEdit->getAllowedParams()
#9 /home/melahi/code/A-mediawiki-project/mediawiki-antiziganism/includes/api/ApiBase.php(851): MediaWiki\Api\ApiBase->getFinalParams()
#10 /home/melahi/code/A-mediawiki-project/mediawiki-antiziganism/includes/api/ApiMain.php(1607): MediaWiki\Api\ApiBase->extractRequestParams()
#11 /home/melahi/code/A-mediawiki-project/mediawiki-antiziganism/includes/api/ApiMain.php(2007): MediaWiki\Api\ApiMain->setupModule()
#12 /home/melahi/code/A-mediawiki-project/mediawiki-antiziganism/includes/api/ApiMain.php(955): MediaWiki\Api\ApiMain->executeAction()
#13 /home/melahi/code/A-mediawiki-project/mediawiki-antiziganism/includes/api/ApiMain.php(926): MediaWiki\Api\ApiMain->executeActionWithErrorHandling()
#14 /home/melahi/code/A-mediawiki-project/mediawiki-antiziganism/includes/api/ApiEntryPoint.php(152): MediaWiki\Api\ApiMain->execute()
#15 /home/melahi/code/A-mediawiki-project/mediawiki-antiziganism/includes/MediaWikiEntryPoint.php(198): MediaWiki\Api\ApiEntryPoint->execute()
#16 /home/melahi/code/A-mediawiki-project/mediawiki-antiziganism/api.php(44): MediaWiki\MediaWikiEntryPoint->run()
#17 {main}
